Master Dataset - All Experiments,,,,,,,,,,,,,,,,,,,,,
Name: Mikayla Schmidt    Email: mikaylakschmidt@gmail.com,,,,,,,,,,,,,,,,,,,,,
Column Name,Units,Description,,,,,,,,,,,,,,,,,,,
shellID,NA,"Unique identifier for each individual shell. The first number (1-5) refers to the experiment number, the second (1-3) to the replicate number, the third (1-11) refers to the taxon, and the fourth (1-5) to the set of samples it is grouped with.",,,,,,,,,,,,,,,,,,,
exptID,NA,Unique identifier for each experiment. The first letter refers to the type of study (P = pilot) while the number refers to the individual experiment.,,,,,,,,,,,,,,,,,,,
taxon,NA,Scientific name of taxon of individual shell.,,,,,,,,,,,,,,,,,,,
source,NA,The bag from which each individual shell was sourced.,,,,,,,,,,,,,,,,,,,
pocket,NA,The pocket in which each shell was randomly placed. Varies from 1-11 to 1-5 based on the number of shells sampled.,,,,,,,,,,,,,,,,,,,
dateM1,yy/mm/dd then hour/minute,The date and time at which the experiment was started. Rounded to the nearest minute.,,,,,,,,,,,,,,,,,,,
dateM2,yy/mm/dd then hour/minute,The date and time at which the experiment was finished. Rounded to the nearest minute.,,,,,,,,,,,,,,,,,,,
mass1,milligrams,The mass of each individual measured before experimental treatment.,,,,,,,,,,,,,,,,,,,
mass2,milligrams,The mass of each individual measured after experimental treatment.,,,,,,,,,,,,,,,,,,,
shape,NA,Rough three-dimensional shape of the shell.,,,,,,,,,,,,,,,,,,,
xDim,millimeters,x axis dimension in mm,,,,,,,,,,,,,,,,,,,
yDim,millimeters,y axis dimension in mm,,,,,,,,,,,,,,,,,,,
zDim,millimeters,z axis dimension in mm,,,,,,,,,,,,,,,,,,,
thick,millimeters,"thickness of shell in mm, if thickness differs from z axis",,,,,,,,,,,,,,,,,,,
polymorph,NA,type of calcium carbonate (Calcite or Aragonite),,,,,,,,,,,,,,,,,,,
waxYN,NA,absence (1) or presence (0) of wax in shell,,,,,,,,,,,,,,,,,,,
cMass,miligrams,calculated mass lost by individual during experimental treatment (mass1 - mass2),,,,,,,,,,,,,,,,,,,
pMass,% total,% mass lost by individual during experimental treatment (cMass/mass1),,,,,,,,,,,,,,,,,,,
cSize,mm^3,calculated size of individual (xDim * yDim * zDim),,,,,,,,,,,,,,,,,,,
finalSA,mm^2,calculated final surface area of individual (based on shape),,,,,,,,,,,,,,,,,,,
volume,mm^3,calculated final volume of individual (based on shape),,,,,,,,,,,,,,,,,,,
densityMV,mg/mm^3,calculated density of individual (mass1/volume),,,,,,,,,,,,,,,,,,,
,,,,,,,,,,,,,,,,,,,,,
shellID,exptID,taxon,source,pocket,dateM1,dateM2,mass1,mass2,shape,xDim,yDim,zDim,thick,polymorph,waxYN,cMass,pMass,cSize,finalSA,volume,densityMV
1.1.1.1,T1.1,Marginopora,E17,5,9/4/2023 14:32,9/6/2023 14:32,33.55,29.89,cylinder1,6.43,6.57,0.84,0.84,Calcite,No Wax,3.66,0.109090909,3.286133551,83.51154379,27.87054812,0.131321422
1.1.1.2,T1.1,Marginopora,E17,5,9/4/2023 14:32,9/6/2023 14:32,32.58,28.4,cylinder1,5.86,6.05,0.87,0.87,Calcite,No Wax,4.18,0.12829957,3.136106104,71.96556247,24.22490735,0.17254968
1.1.1.3,T1.1,Marginopora,E17,3,9/4/2023 14:32,9/6/2023 14:32,35.25,26.82,cylinder1,6.78,6.64,0.62,0.62,Calcite,No Wax,8.43,0.239148936,3.033400967,83.78564775,21.92195814,0.38454594
1.1.1.4,T1.1,Marginopora,E17,10,9/4/2023 14:32,9/6/2023 14:32,36.43,32.09,cylinder1,6.64,6.78,0.81,0.81,Calcite,No Wax,4.34,0.119132583,3.316099838,87.79086423,28.63997757,0.151536432
1.1.1.5,T1.1,Marginopora,E17,3,9/4/2023 14:32,9/6/2023 14:32,38.15,35.04,cylinder1,6.83,6.8,0.86,0.86,Calcite,No Wax,3.11,0.081520315,3.418293553,91.36662499,31.37024778,0.099138522
1.1.2.1,T1.1,Turbo,E05,3,9/4/2023 14:32,9/6/2023 14:32,224.04,217.88,hemisphere,7.91,7.06,3.32,3.32,Aragonite,No Wax,6.16,0.02749509,5.702164685,122.3483834,91.9687751,0.066979255
1.1.2.2,T1.1,Turbo,E05,10,9/4/2023 14:32,9/6/2023 14:32,220.82,215.57,hemisphere,8.13,7.27,2.96,2.96,Aragonite,No Wax,5.25,0.02377502,5.59292363,120.3674522,82.28232132,0.063804714
1.1.2.3,T1.1,Turbo,E02,7,9/4/2023 14:32,9/6/2023 14:32,206.58,198.26,hemisphere,7.92,7.09,3.09,3.09,Aragonite,No Wax,8.32,0.040274954,5.577547772,118.2008528,83.58612677,0.099538049
1.1.2.4,T1.1,Turbo,E02,3,9/4/2023 14:32,9/6/2023 14:32,162.48,157.76,hemisphere,7.2,6.4,2.87,2.87,Aragonite,No Wax,4.72,0.029049729,5.094850627,98.25927927,64.31212074,0.073392075
1.1.3.1,T1.1,Halimeda,E18,6,9/4/2023 14:32,9/6/2023 14:32,67.67,57.7,rhombus,12.24,9.09,1.12,1.12,Aragonite,No Wax,9.97,0.147332644,4.994834559,191.8198,80.39304,0.124015711
1.1.3.2,T1.1,Halimeda,E18,1,9/4/2023 14:32,9/6/2023 14:32,91.64,74.67,rhombus,13.44,8.87,1.27,1.27,Aragonite,No Wax,16.97,0.185181144,5.329774932,222.45049,107.073065,0.158489906
1.1.3.3,T1.1,Halimeda,E18,9,9/4/2023 14:32,9/6/2023 14:32,100.78,85.55,rhombus,12.37,8.62,1.29,1.29,Aragonite,No Wax,15.23,0.151121254,5.162050219,199.87331,95.18781,0.159999479
1.1.3.4,T1.1,Halimeda,E18,6,9/4/2023 14:32,9/6/2023 14:32,71.15,61.99,rhombus,10.5,7.2,1.06,1.06,Aragonite,No Wax,9.16,0.128742094,4.31130969,141.52992,55.35797,0.165468495
1.1.3.5,T1.1,Halimeda,E18,9,9/4/2023 14:32,9/6/2023 14:32,62.64,53.8,rhombus,10.11,7.63,1.23,1.23,Aragonite,No Wax,8.84,0.141123883,4.561002059,159.18847,70.22316,0.125884395
1.1.4.1,T1.1,Pinguitellina,E17,7,9/4/2023 14:32,9/6/2023 14:32,54.11,49.51,2dome,9.32,7.39,1.65,0.33,Aragonite,No Wax,4.6,0.085012013,4.843746786,125.2942548,46.97973782,0.097914552
1.1.4.2,T1.1,Pinguitellina,E17,4,9/4/2023 14:32,9/6/2023 14:32,48.27,40.56,2dome,9.8,7.52,1.75,0.34,Aragonite,No Wax,7.71,0.159726538,5.052356512,135.0036611,53.45177736,0.144242163
1.1.4.3,T1.1,Pinguitellina,E17,8,9/4/2023 14:32,9/6/2023 14:32,93.63,84.22,2dome,11.68,9.43,2.15,0.43,Aragonite,No Wax,9.41,0.100501976,6.186775141,202.0553014,98.19728255,0.095827499
1.1.4.4,T1.1,Pinguitellina,E17,5,9/4/2023 14:32,9/6/2023 14:32,129.66,117.99,2dome,13,9.21,2.73,0.54,Aragonite,No Wax,11.67,0.090004627,6.888455807,234.899396,139.0121197,0.083949515
1.1.4.5,T1.1,Pinguitellina,E17,5,9/4/2023 14:32,9/6/2023 14:32,187.79,174.14,2dome,14.81,11.94,3.46,0.51,Aragonite,No Wax,13.65,0.072687577,8.489429277,352.9858948,261.9560585,0.052107976
1.1.5.1,T1.1,Abranda,E17,2,9/4/2023 14:32,9/6/2023 14:32,189.53,169.21,2dome,21.65,11.33,3.13,0.34,Aragonite,No Wax,20.32,0.107212578,9.156806764,446.8634377,317.5590633,0.063988097
1.1.5.2,T1.1,Abranda,E17,11,9/4/2023 14:32,9/6/2023 14:32,48.29,36.15,2dome,15.22,9.4,2.18,0.2,Aragonite,No Wax,12.14,0.251397805,6.781612956,254.5908987,127.9028302,0.094915804
1.1.5.3,T1.1,Abranda,E17,1,9/4/2023 14:32,9/6/2023 14:32,68.65,60.28,2dome,15.7,9.82,2.59,0.21,Aragonite,No Wax,8.37,0.121922797,7.36382798,284.3241882,165.9059236,0.050450278
1.1.5.4,T1.1,Abranda,E17,11,9/4/2023 14:32,9/6/2023 14:32,24.82,17.77,2dome,12,7.57,1.55,0.16,Aragonite,No Wax,7.05,0.284045125,5.20239042,157.786491,57.24263249,0.123159954
1.1.5.5,T1.1,Abranda,E17,4,9/4/2023 14:32,9/6/2023 14:32,277.18,252.02,2dome,25.55,16.37,3.29,0.43,Aragonite,No Wax,25.16,0.09077134,11.12274107,725.0008876,559.0211754,0.04500724
1.1.6.1,T1.1,Calcite,NA,8,9/4/2023 14:32,9/6/2023 14:32,503.4,495.26,cube,11.02,8.06,2.51,2.51,Calcite,No Wax,8.14,0.016170044,6.063594066,273.424,222.941212,0.036511868
1.1.6.2,T1.1,Calcite,NA,3,9/4/2023 14:32,9/6/2023 14:32,801.79,790.24,cube,8.09,8.05,5.03,5.03,Calcite,No Wax,11.55,0.014405268,6.893463213,292.6174,327.576235,0.035258968
1.1.6.3,T1.1,Calcite,NA,10,9/4/2023 14:32,9/6/2023 14:32,289.06,282.68,cube,8.95,5.2,2.53,2.53,Calcite,No Wax,6.38,0.022071542,4.901349066,164.679,117.7462,0.054184339
1.1.6.4,T1.1,Calcite,NA,4,9/4/2023 14:32,9/6/2023 14:32,468.28,459.25,cube,8.28,4.87,4.97,4.97,Calcite,No Wax,9.03,0.019283335,5.852012282,211.3582,200.408292,0.045058016
1.1.6.5,T1.1,Calcite,NA,8,9/4/2023 14:32,9/6/2023 14:32,423.28,413.08,cube,9.25,8.35,2.29,2.29,Calcite,No Wax,10.2,0.024097524,5.613338474,235.083,176.873875,0.057668211
1.1.7.1,T1.1,Tridacna,NA,10,9/4/2023 14:32,9/6/2023 14:32,149.41,143.68,cube,5.62,4.46,2.83,2.83,Aragonite,No Wax,5.73,0.038350847,4.139544319,107.1832,70.934516,0.080778728
1.1.7.2,T1.1,Tridacna,NA,8,9/4/2023 14:32,9/6/2023 14:32,444.24,434.33,cube,7.4,6.63,4.09,4.09,Aragonite,No Wax,9.91,0.022307762,5.854496069,212.8894,200.66358,0.049386142
1.1.7.3,T1.1,Tridacna,NA,5,9/4/2023 14:32,9/6/2023 14:32,647.36,638.35,cube,7.89,5.85,5.44,5.44,Aragonite,No Wax,9.01,0.013918067,6.308758792,241.8042,251.09136,0.035883353
1.1.7.4,T1.1,Tridacna,NA,8,9/4/2023 14:32,9/6/2023 14:32,573.6,563.21,cube,7.91,5.64,5.22,5.22,Aragonite,No Wax,10.39,0.018113668,6.152364112,230.6868,232.876728,0.044615879
1.1.7.5,T1.1,Tridacna,NA,11,9/4/2023 14:32,9/6/2023 14:32,349.5,338.77,cube,9.63,4.95,3.46,3.46,Aragonite,No Wax,10.73,0.030701001,5.484064175,196.2306,164.93301,0.065056716
1.1.8.1,T1.1,Liloa,E18,4,9/4/2023 14:32,9/6/2023 14:32,26.72,19.11,cylinder2,10.02,4.59,9.82,0.11,Aragonite,No Wax,7.61,0.284805389,7.672389311,174.697213,162.490038,0.04683364
1.1.8.2,T1.1,Liloa,E18,9,9/4/2023 14:32,9/6/2023 14:32,27.99,21.6,cylinder2,9.5,3.81,8.72,0.14,Aragonite,No Wax,6.39,0.22829582,6.808556127,127.1755976,99.4160074,0.064275363
1.1.8.5,T1.1,Liloa,E18,7,9/4/2023 14:32,9/6/2023 14:32,86.68,79.82,cylinder2,11.92,5.7,11.44,0.17,Aragonite,No Wax,6.86,0.079141671,9.194449077,255.8921464,291.9211876,0.023499493
1.1.9.1,T1.1,Ethalia,E17,1,9/4/2023 14:32,9/6/2023 14:32,497.35,478.38,sphere,12.82,11.2,9.73,0.45,Aragonite,No Wax,18.97,0.038142153,11.17908597,397.6078202,731.5053562,0.025932824
1.1.9.2,T1.1,Ethalia,E17,6,9/4/2023 14:32,9/6/2023 14:32,524.8,504.89,sphere,13.94,11.98,9.66,0.45,Aragonite,No Wax,19.91,0.037938262,11.72822366,441.895166,844.6860863,0.023570887
1.1.9.3,T1.1,Ethalia,E17,11,9/4/2023 14:32,9/6/2023 14:32,78.35,73.57,sphere,8.05,6.58,5.12,0.31,Aragonite,No Wax,4.78,0.061008296,6.472875368,136.1574983,142.0006581,0.033661816
1.1.9.4,T1.1,Ethalia,E17,2,9/4/2023 14:32,9/6/2023 14:32,87.92,81.73,sphere,8.22,6.7,5.24,0.21,Aragonite,No Wax,6.19,0.070404914,6.608343901,141.8692977,151.1041978,0.040965109
1.1.9.5,T1.1,Ethalia,E17,2,9/4/2023 14:32,9/6/2023 14:32,86.26,80.26,sphere,7.74,6.66,5.6,0.29,Aragonite,No Wax,6,0.069557153,6.608979513,139.6263402,151.1478031,0.039696244
1.1.10.1,T1.1,Natica,E18,1,9/4/2023 14:32,9/6/2023 14:32,80.15,74.75,sphere,6.4,5.02,5.68,0.31,Aragonite,No Wax,5.4,0.067373674,5.672101698,102.0703453,95.54999071,0.056514919
1.1.10.2,T1.1,Natica,E18,7,9/4/2023 14:32,9/6/2023 14:32,41.35,37.01,sphere,5.55,4.16,5.02,0.21,Aragonite,No Wax,4.34,0.104957678,4.875621801,75.73782985,60.68601963,0.071515648
1.1.10.3,T1.1,Natica,E18,4,9/4/2023 14:32,9/6/2023 14:32,162.96,153.73,sphere,8.41,6.01,7.81,0.28,Aragonite,No Wax,9.23,0.056639666,7.335682068,172.4988836,206.6903135,0.044656181
1.1.10.4,T1.1,Natica,E18,1,9/4/2023 14:32,9/6/2023 14:32,147.58,137.41,sphere,8.18,6.38,7.63,0.25,Aragonite,No Wax,10.17,0.068911777,7.356978837,171.8786634,208.4957193,0.04877798
1.1.10.5,T1.1,Natica,E18,10,9/4/2023 14:32,9/6/2023 14:32,63.4,55.64,sphere,5.87,4.3,5.12,0.23,Aragonite,No Wax,7.76,0.122397476,5.055826624,81.60604568,67.66672228,0.114679709
1.1.11.1,T1.1,Scaphopod,E18,9,9/4/2023 14:32,9/6/2023 14:32,96.72,84.27,2cone,3.4,2.59,15.59,0.2,Aragonite,No Wax,12.45,0.128722084,5.158715753,185.668775,47.18159039,0.263874106
1.1.11.2,T1.1,Scaphopod,E18,2,9/4/2023 14:32,9/6/2023 14:32,130.35,116.04,2cone,3.38,2.22,23.19,0.18,Aragonite,No Wax,14.31,0.109781358,5.582860906,264.8433802,69.35899247,0.206317876
1.1.11.3,T1.1,Scaphopod,E18,2,9/4/2023 14:32,9/6/2023 14:32,36.17,28.76,2cone,2.35,1.04,20.26,0.14,Aragonite,No Wax,7.41,0.204865911,3.67209195,158.5004292,29.29164703,0.252973143
1.1.11.4,T1.1,Scaphopod,E18,7,9/4/2023 14:32,9/6/2023 14:32,260.29,245.38,2cone,3.48,1.74,30.67,0.48,Aragonite,No Wax,14.91,0.057282262,5.705329825,354.8693636,97.23909104,0.153333395
1.1.11.5,T1.1,Scaphopod,E18,1,9/4/2023 14:32,9/6/2023 14:32,116.9,103.59,2cone,3.06,1.87,21.35,0.23,Aragonite,No Wax,13.31,0.113857998,4.961964325,220.4780423,52.33706436,0.254313079
1.2.1.1,T1.2,Marginopora,E17,7,8/21/2023 15:03,8/23/2023 15:02,62.87,56.23,cylinder1,7.52,7.68,1.07,1.07,Calcite,No Wax,6.64,0.105614761,3.953553433,116.2665742,48.53474137,0.136809218
1.2.1.2,T1.2,Marginopora,E17,11,8/21/2023 15:03,8/23/2023 15:02,22.71,18.81,cylinder1,6.13,5.99,0.59,0.59,Calcite,No Wax,3.9,0.171730515,2.787702575,68.91004946,17.01489173,0.22921098
1.2.1.3,T1.2,Marginopora,E17,4,8/21/2023 15:03,8/23/2023 15:02,95.29,84.99,cylinder1,10.86,11,0.76,0.76,Calcite,No Wax,10.3,0.10809109,4.494472225,213.7439111,71.3059851,0.144447903
1.2.1.4,T1.2,Marginopora,E17,2,8/21/2023 15:03,8/23/2023 15:02,40.24,35.75,cylinder1,7.47,7.38,0.7,0.7,Calcite,No Wax,4.49,0.111580517,3.379286406,102.9242302,30.30853083,0.148143109
1.2.1.5,T1.2,Marginopora,E17,10,8/21/2023 15:03,8/23/2023 15:02,25.81,22.38,cylinder1,6.96,7.05,0.47,0.47,Calcite,No Wax,3.43,0.132894227,2.8464184,87.41905674,18.11282103,0.189368624
1.2.2.1,T1.2,Turbo,E02,9,8/21/2023 15:03,8/23/2023 15:02,153.16,148.05,hemisphere,6.99,6.35,2.64,2.64,Aragonite,No Wax,5.11,0.033363803,4.893485164,91.61779532,55.65070319,0.091822739
1.2.2.2,T1.2,Turbo,E02,4,8/21/2023 15:03,8/23/2023 15:02,150.6,146.87,hemisphere,6.37,6.23,2.91,2.91,Aragonite,No Wax,3.73,0.024767596,4.869751754,88.94053006,58.25293034,0.064031114
1.2.2.3,T1.2,Turbo,E02,2,8/21/2023 15:03,8/23/2023 15:02,245.1,240.02,hemisphere,8.38,7.46,3.32,3.32,Aragonite,No Wax,5.08,0.020726234,5.920708005,132.8259091,100.6651214,0.050464351
1.2.2.4,T1.2,Turbo,E02,10,8/21/2023 15:03,8/23/2023 15:02,173.85,169.72,hemisphere,7.67,6.65,2.77,2.77,Aragonite,No Wax,4.13,0.023756112,5.20833519,104.2243783,66.61111534,0.062001664
1.2.2.5,T1.2,Turbo,E06,7,8/21/2023 15:03,8/23/2023 15:02,99.96,96.32,hemisphere,6.07,5.62,2.32,2.32,Aragonite,No Wax,3.64,0.036414566,4.293429446,70.49451171,37.61768386,0.096763002
1.2.3.1,T1.2,Halimeda,E18,4,8/21/2023 15:03,8/23/2023 15:02,71.15,61.62,rhombus,10.77,7.89,0.71,0.71,Aragonite,No Wax,9.53,0.133942375,3.922085152,172.35158,49.31376,0.19325235
1.2.3.2,T1.2,Halimeda,E18,5,8/21/2023 15:03,8/23/2023 15:02,56.99,49.35,rhombus,9.99,8.02,0.95,0.95,Aragonite,No Wax,7.64,0.134058607,4.237936912,158.7162,56.358275,0.135561282
1.2.3.3,T1.2,Halimeda,E18,3,8/21/2023 15:03,8/23/2023 15:02,49.52,42.91,rhombus,9.91,8.02,0.9,0.9,Aragonite,No Wax,6.61,0.133481422,4.151103012,147.5492,49.82535,0.132663393
1.2.3.4,T1.2,Halimeda,E18,5,8/21/2023 15:03,8/23/2023 15:02,64.71,57.17,rhombus,10.48,7.46,0.94,0.94,Aragonite,No Wax,7.54,0.116519858,4.188668473,150.17864,53.96963,0.139708203
1.2.3.5,T1.2,Halimeda,E18,4,8/21/2023 15:03,8/23/2023 15:02,61.96,57.34,rhombus,10.43,7.8,0.94,0.94,Aragonite,No Wax,4.62,0.074564235,4.244588453,154.34756,54.88284,0.084179317
1.2.4.1,T1.2,Pinguitellina,E17,6,8/21/2023 15:03,8/23/2023 15:02,67.32,58.58,2dome,10.75,8.65,1.65,0.27,Aragonite,No Wax,8.74,0.129827689,5.353479845,163.1703954,62.60364582,0.139608483
1.2.4.2,T1.2,Pinguitellina,E17,8,8/21/2023 15:03,8/23/2023 15:02,98.14,90.52,2dome,11.4,9.16,2.65,0.37,Aragonite,No Wax,7.62,0.077644182,6.516515006,208.1525044,118.4130805,0.064350999
1.2.4.3,T1.2,Pinguitellina,E17,9,8/21/2023 15:03,8/23/2023 15:02,31.9,25.27,2dome,8.38,6.97,1.68,0.26,Aragonite,No Wax,6.63,0.207836991,4.612418367,109.4816765,41.01687873,0.161640773
1.2.4.4,T1.2,Pinguitellina,E17,9,8/21/2023 15:03,8/23/2023 15:02,26.14,21.81,2dome,8.05,6.36,1.88,0.26,Aragonite,No Wax,4.33,0.165646519,4.582863779,102.6289205,41.27730838,0.104900251
1.2.4.5,T1.2,Pinguitellina,E17,6,8/21/2023 15:03,8/23/2023 15:02,49.86,41.59,2dome,10.4,7.55,2.77,0.3,Aragonite,No Wax,8.27,0.16586442,6.013860549,171.5491801,96.54074064,0.085663316
1.2.5.1,T1.2,Abranda,E17,3,8/21/2023 15:03,8/23/2023 15:02,45.79,35,2dome,14.11,8.76,1.65,0.14,Aragonite,No Wax,10.79,0.23564097,5.886245273,211.2620529,82.4414545,0.130880757
1.2.5.3,T1.2,Abranda,E17,11,8/21/2023 15:03,8/23/2023 15:02,165.04,118.02,2dome,31.07,13.91,2.45,0.16,Aragonite,No Wax,47.02,0.28490063,10.19243982,716.5873883,423.5095572,0.111024649
1.2.5.5,T1.2,Abranda,E17,2,8/21/2023 15:03,8/23/2023 15:02,55.07,44.77,2dome,14.38,8.93,1.72,0.17,Aragonite,No Wax,10.3,0.187034683,6.044767445,220.2994724,89.40016287,0.115212318
1.2.6.1,T1.2,Calcite,NA,8,8/21/2023 15:03,8/23/2023 15:02,671.9,660.5,cube,12.05,7.52,2.74,2.74,Calcite,No Wax,11.4,0.016966811,6.285191051,288.4756,248.28784,0.045914452
1.2.6.2,T1.2,Calcite,NA,9,8/21/2023 15:03,8/23/2023 15:02,1156.59,1144.46,cube,11.96,5.53,5.41,5.41,Calcite,No Wax,12.13,0.010487727,7.099338085,321.5194,357.810908,0.033900588
1.2.6.3,T1.2,Calcite,NA,5,8/21/2023 15:03,8/23/2023 15:02,1144.43,1129.9,cube,12.13,6.19,5.75,5.75,Calcite,No Wax,14.53,0.012696277,7.557992063,360.8494,431.737025,0.033654746
1.2.6.4,T1.2,Calcite,NA,11,8/21/2023 15:03,8/23/2023 15:02,456.8,447.75,cube,12.07,7.57,2.14,2.14,Calcite,No Wax,9.05,0.019811734,5.804154633,266.799,195.531586,0.046284082
1.2.6.5,T1.2,Calcite,NA,9,8/21/2023 15:03,8/23/2023 15:02,507.03,498.04,cube,11.64,5.95,2.94,2.94,Calcite,No Wax,8.99,0.017730706,5.88309361,241.9452,203.61852,0.04415119
1.2.7.1,T1.2,Tridacna,NA,5,8/21/2023 15:03,8/23/2023 15:02,372.72,362.46,cube,5.79,5.3,4.81,4.81,Aragonite,No Wax,10.26,0.027527366,5.284856141,168.0598,147.60447,0.06951009
1.2.7.2,T1.2,Tridacna,NA,3,8/21/2023 15:03,8/23/2023 15:02,381.08,372.76,cube,5.64,6.01,4.43,4.43,Aragonite,No Wax,8.32,0.021832686,5.315193758,171.0118,150.161052,0.055407177
1.2.7.3,T1.2,Tridacna,NA,6,8/21/2023 15:03,8/23/2023 15:02,281.77,274.75,cube,5.85,5.32,4.08,4.08,Aragonite,No Wax,7.02,0.024913937,5.026232266,153.3912,126.97776,0.055285272
1.2.7.4,T1.2,Tridacna,NA,3,8/21/2023 15:03,8/23/2023 15:02,408.54,400.55,cube,7.11,5.1,4.33,4.33,Aragonite,No Wax,7.99,0.019557448,5.394806736,178.2606,157.01013,0.050888436
1.2.7.5,T1.2,Tridacna,NA,8,8/21/2023 15:03,8/23/2023 15:02,362.74,354.76,cube,6.1,4.97,4.96,4.96,Aragonite,No Wax,7.98,0.021999228,5.317685314,170.4484,150.37232,0.053068277
1.2.8.1,T1.2,Liloa,E18,10,8/21/2023 15:03,8/23/2023 15:02,42.99,31.51,cylinder2,9.41,4.59,9.36,0.19,Aragonite,No Wax,11.48,0.267038846,7.39422598,168.0640543,154.8784884,0.074122624
1.2.8.2,T1.2,Liloa,E18,2,8/21/2023 15:03,8/23/2023 15:02,40.11,31.86,cylinder2,9.4,4.01,9.34,0.15,Aragonite,No Wax,8.25,0.205684368,7.061110927,142.9218883,117.9574846,0.069940454
1.2.8.4,T1.2,Liloa,E18,1,8/21/2023 15:03,8/23/2023 15:02,32.47,25.94,cylinder2,10.06,4.32,9.87,0.2,Aragonite,No Wax,6.53,0.201108716,7.541648611,163.2673136,144.6686829,0.04513762
1.2.8.5,T1.2,Liloa,E18,1,8/21/2023 15:03,8/23/2023 15:02,46.1,37.46,cylinder2,10.28,4.73,9.96,0.13,Aragonite,No Wax,8.64,0.187418655,7.853040995,183.1462123,175.0134803,0.049367626
1.2.9.1,T1.2,Ethalia,E18,2,8/21/2023 15:03,8/23/2023 15:02,43.72,38.94,sphere,6.39,5.46,4.41,0.2,Aragonite,No Wax,4.78,0.109332113,5.35850981,92.28868243,80.56208781,0.05933312
1.2.9.2,T1.2,Ethalia,E18,10,8/21/2023 15:03,8/23/2023 15:02,554.2,535.91,sphere,13.61,11.88,10.81,0.37,Aragonite,No Wax,18.29,0.033002526,12.0457382,459.9605804,915.1639036,0.019985491
1.2.9.3,T1.2,Ethalia,E18,1,8/21/2023 15:03,8/23/2023 15:02,224.96,214.88,sphere,10.33,8.92,7.88,0.29,Aragonite,No Wax,10.08,0.044807966,8.988015192,256.9253464,380.180656,0.026513711
1.2.9.4,T1.2,Ethalia,E18,8,8/21/2023 15:03,8/23/2023 15:02,72.7,65.95,sphere,7.51,6.37,5.88,0.26,Aragonite,No Wax,6.75,0.092847318,6.552176159,136.2954142,147.2839143,0.045829852
1.2.9.5,T1.2,Ethalia,E18,5,8/21/2023 15:03,8/23/2023 15:02,144.79,126.94,sphere,9.66,7.83,6.02,0.31,Aragonite,No Wax,17.85,0.123281995,7.693284503,192.9357117,238.415234,0.074869377
1.2.10.1,T1.2,Natica,E18,11,8/21/2023 15:03,8/23/2023 15:02,40.7,35.25,sphere,5.74,4.33,5.58,0.23,Aragonite,No Wax,5.45,0.133906634,5.176203347,85.49408074,72.61604808,0.07505228
1.2.10.2,T1.2,Natica,E18,7,8/21/2023 15:03,8/23/2023 15:02,32.27,27.49,sphere,5.61,3.88,5.42,0.22,Aragonite,No Wax,4.78,0.148125194,4.904536352,77.60016598,61.77211847,0.077381189
1.2.10.3,T1.2,Natica,E19,8,8/21/2023 15:03,8/23/2023 15:02,46.87,43.91,sphere,5.54,4.32,5.26,0.22,Aragonite,No Wax,2.96,0.063153403,5.011792539,79.80147995,65.91403193,0.044906978
1.2.10.4,T1.2,Natica,E19,5,8/21/2023 15:03,8/23/2023 15:02,109.32,102.23,sphere,7.64,5.41,7.37,0.28,Aragonite,No Wax,7.09,0.06485547,6.728517256,145.5522217,159.498548,0.044451815
1.2.10.5,T1.2,Natica,E19,11,8/21/2023 15:03,8/23/2023 15:02,117.94,109.98,sphere,8,5.54,7.83,0.22,Aragonite,No Wax,7.96,0.067491945,7.027278593,159.4103105,181.7021793,0.04380795
1.2.11.1,T1.2,Scaphopod,E19,1,8/21/2023 15:03,8/23/2023 15:02,118.49,102.33,2cone,3.59,3.24,16.25,0.35,Aragonite,No Wax,16.16,0.136382817,5.738930183,204.6319752,54.82907121,0.294734155
1.2.11.2,T1.2,Scaphopod,E19,1,8/21/2023 15:03,8/23/2023 15:02,143.63,126.46,2cone,3.13,1.25,33.53,0.18,Aragonite,No Wax,17.17,0.119543271,5.08115724,345.4545687,85.99849582,0.199654655
1.2.11.3,T1.2,Scaphopod,E19,7,8/21/2023 15:03,8/23/2023 15:02,299.66,278.48,2cone,3.65,1.39,44.69,0.23,Aragonite,No Wax,21.18,0.070680104,6.09779294,533.8059326,155.8707806,0.135881786
1.2.11.4,T1.2,Scaphopod,E19,7,8/21/2023 15:03,8/23/2023 15:02,163.64,144.07,2cone,3.05,1.18,35.36,0.24,Aragonite,No Wax,19.57,0.119591787,5.029961964,353.74177,86.11534814,0.227253334
1.2.11.5,T1.2,Scaphopod,E19,3,8/21/2023 15:03,8/23/2023 15:02,106.49,91.64,2cone,3.29,1.65,25.99,0.16,Aragonite,No Wax,14.85,0.139449714,5.205894634,286.168469,73.64897416,0.201632136
1.3.1.1,T1.3,Marginopora,E17,3,8/28/2023 16:32,8/30/2023 16:32,47.97,44.12,cylinder1,7.46,7.32,1.07,1.07,Calcite,No Wax,3.85,0.080258495,3.880412504,110.6183048,45.89058221,0.083895209
1.3.1.2,T1.3,Marginopora,E17,11,8/28/2023 16:32,8/30/2023 16:32,73.58,67.65,cylinder1,7.63,7.84,1.21,1.21,Calcite,No Wax,5.93,0.080592552,4.167497267,123.3670448,56.84808668,0.104313097
1.3.1.3,T1.3,Marginopora,E17,3,8/28/2023 16:32,8/30/2023 16:32,24.87,21.35,cylinder1,6.54,6.62,0.64,0.64,Calcite,No Wax,3.52,0.141535987,3.026020765,81.23718779,21.7623401,0.161747311
1.3.1.4,T1.3,Marginopora,E17,4,8/28/2023 16:32,8/30/2023 16:32,41.3,38.7,cylinder1,6.05,5.86,1.01,1.01,Calcite,No Wax,2.6,0.062953995,3.296032268,74.58470827,28.1231683,0.092450465
1.3.1.5,T1.3,Marginopora,E17,5,8/28/2023 16:32,8/30/2023 16:32,32.2,28.08,cylinder1,6.73,7.01,0.76,0.76,Calcite,No Wax,4.12,0.127950311,3.297480415,90.50881311,28.16025323,0.146305503
1.3.2.1,T1.3,Turbo,E06,6,8/28/2023 16:32,8/30/2023 16:32,132.88,128.08,hemisphere,6.76,6.1,2.71,2.71,Aragonite,No Wax,4.8,0.036122818,4.816689014,87.84552794,54.30487998,0.088389846
1.3.2.2,T1.3,Turbo,E06,5,8/28/2023 16:32,8/30/2023 16:32,92.01,89.04,hemisphere,6.34,5.58,2.23,2.23,Aragonite,No Wax,2.97,0.0322791,4.288868921,71.19320192,36.78696822,0.080735112
1.3.2.3,T1.3,Turbo,E06,8,8/28/2023 16:32,8/30/2023 16:32,143.77,139.96,hemisphere,6.79,6.39,2.7,2.7,Aragonite,No Wax,3.81,0.026500661,4.893032858,91.05607855,56.30985567,0.067661335
1.3.2.4,T1.3,Turbo,E06,8,8/28/2023 16:32,8/30/2023 16:32,89.88,86.5,hemisphere,6.27,5.59,2.36,2.36,Aragonite,No Wax,3.38,0.037605696,4.357095883,72.55272614,39.36495025,0.085863185
1.3.2.5,T1.3,Turbo,E06,4,8/28/2023 16:32,8/30/2023 16:32,193.42,188.32,hemisphere,7.65,6.84,2.96,2.96,Aragonite,No Wax,5.1,0.02636749,5.370356083,109.7188668,74.40236814,0.068546205
1.3.3.1,T1.3,Halimeda,E18,7,8/28/2023 16:32,8/30/2023 16:32,59.52,49.96,rhombus,11.28,8.75,0.9,0.9,Aragonite,No Wax,9.56,0.16061828,4.461900562,197.6728,66.9321,0.142831317
1.3.3.2,T1.3,Halimeda,E18,7,8/28/2023 16:32,8/30/2023 16:32,55.79,48.77,rhombus,10.15,8.62,0.95,0.95,Aragonite,No Wax,7.02,0.125829002,4.364142984,156.89955,55.679025,0.126079794
1.3.3.3,T1.3,Halimeda,E18,4,8/28/2023 16:32,8/30/2023 16:32,76.65,70.29,rhombus,10.65,7.37,1.26,1.26,Aragonite,No Wax,6.36,0.08297456,4.624476181,164.8163,68.46651,0.092892131
1.3.3.4,T1.3,Halimeda,E18,11,8/28/2023 16:32,8/30/2023 16:32,51.78,46.78,rhombus,9.96,7.28,0.93,0.93,Aragonite,No Wax,5,0.096562379,4.070282526,141.88089,49.423455,0.101166541
1.3.3.5,T1.3,Halimeda,E18,3,8/28/2023 16:32,8/30/2023 16:32,56.03,51.5,rhombus,11.27,7.57,1.03,1.03,Aragonite,No Wax,4.53,0.080849545,4.445824759,174.8286,65.678465,0.068972379
1.3.4.1,T1.3,Pinguitellina,E17,2,8/28/2023 16:32,8/30/2023 16:32,69.75,64.67,2dome,10.59,8.2,1.81,0.37,Aragonite,No Wax,5.08,0.072831541,5.396714737,156.9891548,64.8279823,0.078361223
1.3.4.2,T1.3,Pinguitellina,E17,8,8/28/2023 16:32,8/30/2023 16:32,32.15,27.01,2dome,8.53,6.96,1.58,0.26,Aragonite,No Wax,5.14,0.159875583,4.543652607,108.9416368,38.90147266,0.132128674
1.3.4.3,T1.3,Pinguitellina,E17,11,8/28/2023 16:32,8/30/2023 16:32,51.33,33.2,2dome,9.8,7.33,2.3,0.33,Aragonite,No Wax,18.13,0.353204754,5.487223235,146.0746336,71.25166172,0.254450206
1.3.4.4,T1.3,Pinguitellina,E17,10,8/28/2023 16:32,8/30/2023 16:32,59.2,54.99,2dome,9.11,7.49,2.21,0.36,Aragonite,No Wax,4.21,0.071114865,5.322685707,137.8692648,64.86946402,0.064899565
1.3.4.5,T1.3,Pinguitellina,E17,2,8/28/2023 16:32,8/30/2023 16:32,79.64,74.7,2dome,10.48,8.32,2.57,0.38,Aragonite,No Wax,4.94,0.062029131,6.073969089,178.4631972,96.886852,0.05098731
1.3.5.1,T1.3,Abranda,E17,1,8/28/2023 16:32,8/30/2023 16:32,313.3,288.14,2dome,24.26,15.36,3.35,0.35,Aragonite,No Wax,25.16,0.080306416,10.76735271,655.8445372,509.9000153,0.049343007
1.3.5.2,T1.3,Abranda,E17,4,8/28/2023 16:32,8/30/2023 16:32,23.62,16.49,2dome,11.89,7.46,1.37,0.11,Aragonite,No Wax,7.13,0.301862828,4.953137867,151.1216022,49.06643419,0.145313188
1.3.5.3,T1.3,Abranda,E17,5,8/28/2023 16:32,8/30/2023 16:32,22.82,19.27,2dome,11.48,7.19,1.31,0.13,Aragonite,No Wax,3.55,0.155565294,4.764098053,140.4379881,43.6392457,0.081348794
1.3.5.4,T1.3,Abranda,E17,7,8/28/2023 16:32,8/30/2023 16:32,17.67,14.57,2dome,10.01,5.88,1.47,0.11,Aragonite,No Wax,3.1,0.175438596,4.422925045,106.032522,35.64050472,0.086979689
1.3.5.5,T1.3,Abranda,E17,8,8/28/2023 16:32,8/30/2023 16:32,20.29,15.59,2dome,11.03,6.19,1.19,0.13,Aragonite,No Wax,4.7,0.231641203,4.331161463,116.1448375,32.78839477,0.1433434
1.3.6.1,T1.3,Calcite,NA,10,8/28/2023 16:32,8/30/2023 16:32,858.1,849.22,cube,12.26,8.87,3.06,3.06,Calcite,No Wax,8.88,0.010348444,6.929658598,346.808,332.763372,0.026685629
1.3.6.2,T1.3,Calcite,NA,6,8/28/2023 16:32,8/30/2023 16:32,334.69,330.65,cube,12.06,4.39,2.44,2.44,Calcite,No Wax,4.04,0.012070872,5.055148114,186.1628,129.181896,0.031273732
1.3.6.3,T1.3,Calcite,NA,1,8/28/2023 16:32,8/30/2023 16:32,638.05,630.3,cube,12.68,6.18,3.04,3.04,Calcite,No Wax,7.75,0.012146384,6.199078045,271.3936,238.221696,0.032532721
1.3.6.4,T1.3,Calcite,NA,2,8/28/2023 16:32,8/30/2023 16:32,579.56,571.56,cube,9.2,7.58,3.33,3.33,Calcite,No Wax,8,0.013803575,6.146583071,251.2268,232.22088,0.03444996
1.3.6.5,T1.3,Calcite,NA,6,8/28/2023 16:32,8/30/2023 16:32,515.06,510.28,cube,11.91,7.18,2.38,2.38,Calcite,No Wax,4.78,0.009280472,5.882172019,261.896,203.522844,0.023486307
1.3.7.1,T1.3,Tridacna,NA,9,8/28/2023 16:32,8/30/2023 16:32,335.22,327.86,cube,6.05,5.86,3.66,3.66,Aragonite,No Wax,7.36,0.021955731,5.062651414,158.0872,129.75798,0.056720982
1.3.7.2,T1.3,Tridacna,NA,2,8/28/2023 16:32,8/30/2023 16:32,741.48,729.33,cube,8.33,5.94,5.6,5.6,Aragonite,No Wax,12.15,0.016386147,6.519382932,258.7844,277.08912,0.043848708
1.3.7.3,T1.3,Tridacna,NA,10,8/28/2023 16:32,8/30/2023 16:32,730.71,700.55,cube,8.04,6.28,5.4,5.4,Aragonite,No Wax,30.16,0.041274924,6.484400303,255.6384,272.65248,0.110617002
1.3.7.4,T1.3,Tridacna,NA,9,8/28/2023 16:32,8/30/2023 16:32,466.04,457.84,cube,6.85,6.16,4.42,4.42,Aragonite,No Wax,8.2,0.017595056,5.713442368,199.4004,186.50632,0.043966339
1.3.7.5,T1.3,Tridacna,NA,10,8/28/2023 16:32,8/30/2023 16:32,381.18,376.07,cube,6.44,4.71,4.83,4.83,Aragonite,No Wax,5.11,0.01340574,5.271707455,168.3738,146.505492,0.034879239
1.3.8.1,T1.3,Liloa,E18,8,8/28/2023 16:32,8/30/2023 16:32,36.54,29.28,cylinder2,10.25,3.84,10.2,0.13,Aragonite,No Wax,7.26,0.198686371,7.37709009,146.2122354,118.127905,0.061458806
1.3.8.2,T1.3,Liloa,E18,3,8/28/2023 16:32,8/30/2023 16:32,99.26,85.55,cylinder2,12.13,5.48,11.65,0.21,Aragonite,No Wax,13.71,0.138122104,9.183095375,247.7372002,274.7748147,0.049895403
1.3.8.3,T1.3,Liloa,E18,6,8/28/2023 16:32,8/30/2023 16:32,13.85,10.49,cylinder2,8.08,3.15,7.72,0.15,Aragonite,No Wax,3.36,0.242599278,5.813616837,91.9834767,60.16283449,0.055848432
1.3.8.4,T1.3,Liloa,E19,3,8/28/2023 16:32,8/30/2023 16:32,27.17,21.5,cylinder2,9.02,4.16,8.95,0.14,Aragonite,No Wax,5.67,0.208686051,6.950898837,144.1513506,121.6464888,0.04661047
1.3.8.5,T1.3,Liloa,E19,7,8/28/2023 16:32,8/30/2023 16:32,72.12,64.73,cylinder2,11.37,5.57,11.33,0.18,Aragonite,No Wax,7.39,0.102468109,8.952586446,246.9937423,276.0769711,0.026767897
1.3.9.1,T1.3,Ethalia,E19,5,8/28/2023 16:32,8/30/2023 16:32,58.55,53.45,sphere,7.03,6.02,5.38,0.25,Aragonite,No Wax,5.1,0.087105038,6.106298502,118.5654172,119.2154972,0.042779673
1.3.9.2,T1.3,Ethalia,E19,10,8/28/2023 16:32,8/30/2023 16:32,554.35,535.2,sphere,13.68,11.68,9.24,0.42,Aragonite,No Wax,19.15,0.034544963,11.38676358,417.8876735,773.0356696,0.024772466
1.3.9.3,T1.3,Ethalia,E19,7,8/28/2023 16:32,8/30/2023 16:32,233.64,226.17,sphere,10.27,8.95,6.6,0.35,Aragonite,No Wax,7.47,0.031972265,8.465367272,232.7125682,317.6406213,0.023517143
1.3.9.4,T1.3,Ethalia,E19,1,8/28/2023 16:32,8/30/2023 16:32,41.21,37.01,sphere,6.76,5.44,4.28,0.21,Aragonite,No Wax,4.2,0.10191701,5.399204638,94.80293394,82.41153188,0.050963741
1.3.9.5,T1.3,Ethalia,E20,9,8/28/2023 16:32,8/30/2023 16:32,574.1,557.22,sphere,13.63,11.56,9.3,0.47,Aragonite,No Wax,16.88,0.029402543,11.35827064,415.2348079,767.2471092,0.022000735
1.3.10.1,T1.3,Natica,E20,11,8/28/2023 16:32,8/30/2023 16:32,753.38,734.69,sphere,12.28,11.53,8.39,0.38,Aragonite,No Wax,18.69,0.024808198,10.59082711,361.9254363,621.9969531,0.030048379
1.3.10.2,T1.3,Natica,E20,9,8/28/2023 16:32,8/30/2023 16:32,125.71,120.97,sphere,6.96,5.82,4.81,0.36,Aragonite,No Wax,4.74,0.037705831,5.797299893,108.0038015,102.0177928,0.046462483
1.3.10.3,T1.3,Natica,E20,2,8/28/2023 16:32,8/30/2023 16:32,54.53,51.34,sphere,5.96,4.7,5.23,0.29,Aragonite,No Wax,3.19,0.058499908,5.271674686,88.13636961,76.70866576,0.041585914
1.3.10.4,T1.3,Natica,E20,6,8/28/2023 16:32,8/30/2023 16:32,180.98,174.59,sphere,9.75,7.32,9.92,0.28,Aragonite,No Wax,6.39,0.035307769,8.912696603,254.2805443,370.7029066,0.017237523
1.3.10.5,T1.3,Natica,E20,11,8/28/2023 16:32,8/30/2023 16:32,75.51,72.31,sphere,6.98,5.07,6.75,0.24,Aragonite,No Wax,3.2,0.042378493,6.204722815,123.3738342,125.0736365,0.025584928
1.3.11.1,T1.3,Scaphopod,E19,4,8/28/2023 16:32,8/30/2023 16:32,118.89,108.51,2cone,2.95,0.99,30.01,0.16,Aragonite,No Wax,10.38,0.087307595,4.441957531,292.1292178,68.37205826,0.151816404
1.3.11.2,T1.3,Scaphopod,E21,1,8/28/2023 16:32,8/30/2023 16:32,72.27,60.05,2cone,2.81,1.87,19.17,0.18,Aragonite,No Wax,12.22,0.169088142,4.652896011,182.0874506,39.62811178,0.308366951
1.3.11.3,T1.3,Scaphopod,E21,9,8/28/2023 16:32,8/30/2023 16:32,107.13,97.65,2cone,2.75,0.79,29.46,0.36,Aragonite,No Wax,9.48,0.088490619,4.000038541,266.6723457,58.32661286,0.162533011
1.3.11.4,T1.3,Scaphopod,E21,5,8/28/2023 16:32,8/30/2023 16:32,72.28,65.32,2cone,2.69,1.08,21.94,0.28,Aragonite,No Wax,6.96,0.096292197,3.99457782,197.1269143,41.56327971,0.167455505
1.3.11.5,T1.3,Scaphopod,E21,1,8/28/2023 16:32,8/30/2023 16:32,120.3,112.64,2cone,3.65,3.08,14.61,0.37,Aragonite,No Wax,7.66,0.063674148,5.476434936,189.7590536,50.95708445,0.150322572
2.1.1.1,T2.1,Abranda,E20,2,10/16/2023 14:00,10/18/2023 14:00,48.53,38.15,2dome,14.2,9.21,2.18,0.13,Aragonite,No Wax,10.38,0.213888317,6.581650593,235.2920951,117.3849822,0.088426984
2.1.1.2,T2.1,Abranda,E20,3,10/16/2023 14:00,10/18/2023 14:00,340.2,315.97,2dome,25.75,16.08,2.89,0.3,Aragonite,No Wax,24.23,0.07122281,10.61663876,702.8817191,482.5552389,0.050211868
2.1.1.3,T2.1,Abranda,E20,9,10/16/2023 14:00,10/18/2023 14:00,45.91,32.84,2dome,13.53,6.89,1.7,0.12,Aragonite,No Wax,13.07,0.284687432,5.411553794,164.5907095,64.80616996,0.201678328
2.1.1.4,T2.1,Abranda,E20,6,10/16/2023 14:00,10/18/2023 14:00,111.1,94.72,2dome,18.41,12.02,2.55,0.21,Aragonite,No Wax,16.38,0.147434743,8.263540226,388.4551042,230.2761536,0.071131985
2.1.1.5,T2.1,Abranda,E20,5,10/16/2023 14:00,10/18/2023 14:00,116.58,95.74,2dome,18.81,12.06,2.01,0.22,Aragonite,No Wax,20.84,0.178761366,7.696809191,381.7176446,183.3092429,0.113687666
2.1.2.1,T2.1,Abranda,E20,1,10/16/2023 14:00,10/18/2023 14:00,68.86,62.44,2dome,16.13,10.79,2.44,0.15,Aragonite,Wax,6.42,0.093232646,7.516492229,310.7932059,174.371443,0.036817955
2.1.2.2,T2.1,Abranda,E20,8,10/16/2023 14:00,10/18/2023 14:00,86.45,82.82,2dome,16.84,11.04,2.11,0.22,Aragonite,Wax,3.63,0.041989589,7.3203392,320.0057693,158.9657418,0.022835109
2.1.2.3,T2.1,Abranda,E20,7,10/16/2023 14:00,10/18/2023 14:00,36.26,17.29,2dome,12.52,7.88,1.51,0.15,Aragonite,Wax,18.97,0.523166023,5.301138666,169.2972865,60.3042758,0.314571392
2.1.2.4,T2.1,Abranda,E20,3,10/16/2023 14:00,10/18/2023 14:00,34.7,31.89,2dome,13.63,8.44,1.56,0.09,Aragonite,Wax,2.81,0.080979827,5.640543683,195.990771,72.46080314,0.038779587
2.1.2.5,T2.1,Abranda,E20,9,10/16/2023 14:00,10/18/2023 14:00,200.26,191.96,2dome,20.24,13.37,2.7,0.26,Aragonite,Wax,8.3,0.04144612,9.006759367,470.8757299,297.2291283,0.027924585
2.1.3.1,T2.1,Pinguitellina,E20,9,10/16/2023 14:00,10/18/2023 14:00,167.92,155.28,2dome,13.48,10.83,3.42,0.51,Aragonite,No Wax,12.64,0.07527394,7.933195404,302.8086911,217.0117612,0.058245691
2.1.3.2,T2.1,Pinguitellina,E20,2,10/16/2023 14:00,10/18/2023 14:00,52.28,45.77,2dome,10.1,8.17,1.93,0.3,Aragonite,No Wax,6.51,0.124521806,5.420427997,153.0216374,66.30457718,0.098183267
2.1.3.4,T2.1,Pinguitellina,E20,9,10/16/2023 14:00,10/18/2023 14:00,79.27,70.47,2dome,10.41,8.54,2.14,0.27,Aragonite,No Wax,8.8,0.111012994,5.751407303,168.420468,79.84205414,0.110217605
2.1.3.5,T2.1,Pinguitellina,E20,8,10/16/2023 14:00,10/18/2023 14:00,55.75,45.49,2dome,10.24,8.23,2.06,0.26,Aragonite,No Wax,10.26,0.184035874,5.578562941,159.0424998,72.75247907,0.141026122
2.1.4.1,T2.1,Pinguitellina,E20,6,10/16/2023 14:00,10/18/2023 14:00,58.14,53.5,2dome,9.75,8.06,2.11,0.31,Aragonite,Wax,4.64,0.079807362,5.493815086,151.4143986,70.03379375,0.066253729
2.1.4.2,T2.1,Pinguitellina,E20,5,10/16/2023 14:00,10/18/2023 14:00,65.01,35.25,2dome,10.2,8.32,2.36,0.33,Aragonite,Wax,29.76,0.457775727,5.850753939,168.2988884,85.53171144,0.347941126
2.1.4.3,T2.1,Pinguitellina,E20,4,10/16/2023 14:00,10/18/2023 14:00,107.41,102.75,2dome,12.39,10.16,2.49,0.37,Aragonite,Wax,4.66,0.04338516,6.79289321,236.6919888,131.1738665,0.035525369
2.1.4.4,T2.1,Pinguitellina,E20,8,10/16/2023 14:00,10/18/2023 14:00,82,76.88,2dome,10.47,8.59,2.27,0.36,Aragonite,Wax,5.12,0.062439024,5.888281548,173.6498061,86.29710826,0.059329914
2.1.4.5,T2.1,Pinguitellina,E20,7,10/16/2023 14:00,10/18/2023 14:00,69.36,66.24,2dome,9.57,7.87,2.23,0.35,Aragonite,Wax,3.12,0.044982699,5.517349698,149.5515913,71.76204473,0.043477022
2.1.5.1,T2.1,Ethalia,E20,4,10/16/2023 14:00,10/18/2023 14:00,685.89,678.35,sphere,14.86,12.6,10.78,0.27,Aragonite,No Wax,7.54,0.010993016,12.63773871,510.4381553,1056.833905,0.007134518
2.1.5.2,T2.1,Ethalia,E20,4,10/16/2023 14:00,10/18/2023 14:00,78.57,67.67,sphere,7.52,6.35,5.55,0.08,Aragonite,No Wax,10.9,0.138729795,6.423348958,131.6454382,138.7660325,0.078549482
2.1.5.3,T2.1,Ethalia,E20,3,10/16/2023 14:00,10/18/2023 14:00,135.83,128.68,sphere,8.64,7.44,5.83,0.31,Aragonite,No Wax,7.15,0.052639329,7.209720205,167.5683983,196.2247819,0.036437803
2.1.5.4,T2.1,Ethalia,E21,1,10/16/2023 14:00,10/18/2023 14:00,129.84,124.68,sphere,9.33,7.48,5.9,0.19,Aragonite,No Wax,5.16,0.03974122,7.439522891,180.0286529,215.5926127,0.02393403
2.1.5.5,T2.1,Ethalia,E21,3,10/16/2023 14:00,10/18/2023 14:00,469.7,458.87,sphere,13.36,11.47,10.44,0.35,Aragonite,No Wax,10.83,0.023057271,11.69562563,434.2284582,837.6623522,0.012928837
2.1.6.1,T2.1,Ethalia,E20,8,10/16/2023 14:00,10/18/2023 14:00,113.5,105.34,sphere,8.65,7.29,6.09,0.26,Aragonite,Wax,8.16,0.071894273,7.268648085,169.4089527,201.0756822,0.040581735
2.1.6.2,T2.1,Ethalia,E20,7,10/16/2023 14:00,10/18/2023 14:00,205.18,196.18,sphere,9.72,8.19,6.98,0.25,Aragonite,Wax,9,0.043863924,8.221199676,216.250518,290.9405206,0.030934158
2.1.6.3,T2.1,Ethalia,E21,1,10/16/2023 14:00,10/18/2023 14:00,460.14,449,sphere,13.65,11.24,10.08,0.32,Aragonite,Wax,11.14,0.024210023,11.56431283,426.8729426,809.7633507,0.013757106
2.1.6.4,T2.1,Ethalia,E21,2,10/16/2023 14:00,10/18/2023 14:00,241.49,236.1,sphere,11,8.99,6.89,0.28,Aragonite,Wax,5.39,0.022319765,8.799483871,252.2120848,356.7551253,0.015108402
2.1.6.5,T2.1,Ethalia,E21,6,10/16/2023 14:00,10/18/2023 14:00,96.04,89.16,sphere,8.14,6.92,6.43,0.2,Aragonite,Wax,6.88,0.071636818,7.128210083,161.2056259,189.6444313,0.036278418
2.1.7.1,T2.1,Natica,E20,3,10/16/2023 14:00,10/18/2023 14:00,75.58,71.02,sphere,6.03,3.77,5.33,0.14,Aragonite,No Wax,4.56,0.060333422,4.948367628,79.90707237,63.44311433,0.071875412
2.1.7.2,T2.1,Natica,E20,1,10/16/2023 14:00,10/18/2023 14:00,93.25,88.83,sphere,6.93,5.53,5.58,0.23,Aragonite,No Wax,4.42,0.047399464,5.979949571,113.6005489,111.9672952,0.039475813
2.1.7.3,T2.1,Natica,E21,8,10/16/2023 14:00,10/18/2023 14:00,42.85,34.37,sphere,5.28,4.03,4.34,0.18,Aragonite,No Wax,8.48,0.19789965,4.520046466,65.03882191,48.35343377,0.175375342
2.1.7.4,T2.1,Natica,E21,7,10/16/2023 14:00,10/18/2023 14:00,145.08,137.23,sphere,8.65,6.45,6.5,0.26,Aragonite,No Wax,7.85,0.054108078,7.131207272,162.8601632,189.8837505,0.041341084
2.1.7.5,T2.1,Natica,E21,1,10/16/2023 14:00,10/18/2023 14:00,249.73,241.14,sphere,9.79,7.69,8.79,0.28,Aragonite,No Wax,8.59,0.034397149,8.714302581,240.8948463,346.4946465,0.024791148
2.1.8.1,T2.1,Natica,E20,7,10/16/2023 14:00,10/18/2023 14:00,103.71,97.63,sphere,6.66,5.19,5.74,0.27,Aragonite,Wax,6.08,0.058625012,5.832451819,108.0038015,103.8848224,0.058526355
2.1.8.2,T2.1,Natica,E21,9,10/16/2023 14:00,10/18/2023 14:00,301.17,288.99,sphere,10.4,7.96,8.01,0.31,Aragonite,Wax,12.18,0.040442275,8.720197229,242.7323289,347.1982643,0.035080821
2.1.8.3,T2.1,Natica,E21,5,10/16/2023 14:00,10/18/2023 14:00,54.87,51.66,sphere,5.7,4.66,5.11,0.22,Aragonite,Wax,3.21,0.058501914,5.13918073,83.53875348,71.06901476,0.045167363
2.1.8.4,T2.1,Natica,E22,5,10/16/2023 14:00,10/18/2023 14:00,75.25,71.41,sphere,6.46,5.33,5.76,0.18,Aragonite,Wax,3.84,0.0510299,5.831685171,107.5131546,103.8438623,0.036978594
2.1.8.5,T2.1,Natica,E22,4,10/16/2023 14:00,10/18/2023 14:00,92.77,87.95,sphere,7.09,5.75,5.83,0.2,Aragonite,Wax,4.82,0.051956451,6.19432819,121.6734995,124.4460903,0.038731631
2.1.9.1,T2.1,Calcite,NA,5,10/16/2023 14:00,10/18/2023 14:00,542.32,536.75,cube,7.14,7.38,3.53,3.53,Calcite,No Wax,5.57,0.010270689,5.708339041,207.8976,186.006996,0.02994511
2.1.9.2,T2.1,Calcite,NA,6,10/16/2023 14:00,10/18/2023 14:00,579.6,570.02,cube,7.29,6.7,4.25,4.25,Calcite,No Wax,9.58,0.01652864,5.921027621,216.601,207.58275,0.04615027
2.1.9.3,T2.1,Calcite,NA,2,10/16/2023 14:00,10/18/2023 14:00,339.74,335.11,cube,9.33,4.04,3.24,3.24,Calcite,No Wax,4.63,0.013628069,4.961382072,162.024,122.125968,0.037911675
2.1.9.4,T2.1,Calcite,NA,4,10/16/2023 14:00,10/18/2023 14:00,405.22,399.81,cube,7.2,6.65,3.31,3.31,Calcite,No Wax,5.41,0.013350772,5.411621063,187.447,158.4828,0.034136196
2.1.9.5,T2.1,Calcite,NA,2,10/16/2023 14:00,10/18/2023 14:00,293.89,287.78,cube,9.53,9.39,1.32,1.32,Calcite,No Wax,6.11,0.020790092,4.906564075,228.9222,118.122444,0.051725987
2.2.1.1,T2.2,Abranda,E21,4,10/16/2023 14:00,10/18/2023 14:00,97.41,86.87,2dome,18.51,11.97,2.25,0.19,Aragonite,No Wax,10.54,0.108202443,7.92916939,379.8416425,201.7326893,0.052247358
2.2.1.2,T2.2,Abranda,E21,6,10/31/2023 16:00,11/2/2023 16:00,77.25,65.79,2dome,16.03,10.67,1.75,0.14,Aragonite,No Wax,11.46,0.148349515,6.68926904,287.9114158,120.34892,0.095223123
2.2.1.3,T2.2,Abranda,E21,9,10/31/2023 16:00,11/2/2023 16:00,67.25,50.7,2dome,15.72,10.04,1.89,0.17,Aragonite,No Wax,16.55,0.246096654,6.681634056,270.3610655,120.6756911,0.137144439
2.2.1.4,T2.2,Abranda,E21,5,10/31/2023 16:00,11/2/2023 16:00,218.96,201.11,2dome,19.22,12.48,2.41,0.32,Aragonite,No Wax,17.85,0.081521739,8.330319727,413.273372,234.3390369,0.076171688
2.2.1.5,T2.2,Abranda,E21,3,10/31/2023 16:00,11/2/2023 16:00,117.28,103.37,2dome,18.12,11.72,2.11,0.18,Aragonite,No Wax,13.91,0.118605048,7.652254758,361.5577304,180.8844012,0.076899942
2.2.2.1,T2.2,Abranda,E21,2,10/31/2023 16:00,11/2/2023 16:00,91.19,84.8,2dome,17.96,11.32,2,0.17,Aragonite,Wax,6.39,0.070073473,7.408453937,344.4869442,163.8658917,0.038995302
2.2.2.2,T2.2,Abranda,E21,8,10/31/2023 16:00,11/2/2023 16:00,103.47,95.3,2dome,18.3,11.62,1.99,0.22,Aragonite,Wax,8.17,0.078960085,7.507639859,358.9055978,170.302991,0.047973321
2.2.2.3,T2.2,Abranda,E21,3,10/31/2023 16:00,11/2/2023 16:00,37.72,31.94,2dome,14.07,8.28,1.84,0.14,Aragonite,Wax,5.78,0.153234358,5.984769371,204.2694959,87.44044679,0.066102133
2.2.2.4,T2.2,Abranda,E21,1,10/31/2023 16:00,11/2/2023 16:00,225.12,211,2dome,22.86,15.07,3.24,0.25,Aragonite,Wax,14.12,0.062722104,10.37317002,607.0980148,456.1318743,0.03095596
2.2.2.5,T2.2,Abranda,E21,1,10/31/2023 16:00,11/2/2023 16:00,150.48,142.92,2dome,18.94,10.3,2.69,0.35,Aragonite,Wax,7.56,0.050239234,8.065967971,351.8998462,216.2688321,0.034956493
2.2.3.1,T2.2,Pinguitellina,E21,3,10/31/2023 16:00,11/2/2023 16:00,101.36,95.59,2dome,11.24,9.07,2.61,0.41,Aragonite,No Wax,5.77,0.056925809,6.431881511,202.9393456,113.7991893,0.050703349
2.2.3.2,T2.2,Pinguitellina,E21,2,10/31/2023 16:00,11/2/2023 16:00,68.02,58.65,2dome,10.64,8.55,2.45,0.3,Aragonite,No Wax,9.37,0.137753602,6.063051758,180.6133032,95.22543015,0.098398085
2.2.3.3,T2.2,Pinguitellina,E21,4,10/31/2023 16:00,11/2/2023 16:00,55.44,48.78,2dome,10.29,8.11,2.02,0.28,Aragonite,No Wax,6.66,0.12012987,5.524112733,156.7238473,70.51411342,0.094449177
2.2.3.4,T2.2,Pinguitellina,E21,3,10/31/2023 16:00,11/2/2023 16:00,100.6,91.57,2dome,11.04,8.88,2.77,0.38,Aragonite,No Wax,9.03,0.089761431,6.475708178,202.2035846,117.7689157,0.076675581
2.2.3.5,T2.2,Pinguitellina,E21,9,10/31/2023 16:00,11/2/2023 16:00,110.56,100.64,2dome,11.12,9.46,2.91,0.45,Aragonite,No Wax,9.92,0.089725036,6.739530414,218.4468753,133.1148806,0.074522097
2.2.4.1,T2.2,Pinguitellina,E21,7,10/31/2023 16:00,11/2/2023 16:00,103.22,98.28,2dome,11.37,9.11,2.66,0.38,Aragonite,Wax,4.94,0.047858942,6.507090188,207.161489,118.0529846,0.041845617
2.2.4.2,T2.2,Pinguitellina,E21,1,10/31/2023 16:00,11/2/2023 16:00,76.67,73.03,2dome,10.24,8.29,2.42,0.42,Aragonite,Wax,3.64,0.047476197,5.900515439,170.1411183,88.09398184,0.041319508
2.2.4.3,T2.2,Pinguitellina,E21,7,10/31/2023 16:00,11/2/2023 16:00,88.3,84.64,2dome,10.58,8.63,2.61,0.46,Aragonite,Wax,3.66,0.041449604,6.199818708,186.2238736,102.8923438,0.03557116
2.2.4.4,T2.2,Pinguitellina,E21,4,10/31/2023 16:00,11/2/2023 16:00,98.14,94.69,2dome,11.84,9.29,2.44,0.39,Aragonite,Wax,3.45,0.035153862,6.450386644,210.1851149,113.0005075,0.030530836
2.2.4.5,T2.2,Pinguitellina,E21,2,10/31/2023 16:00,11/2/2023 16:00,137.3,132.44,2dome,13.12,10.46,2.73,0.42,Aragonite,Wax,4.86,0.035396941,7.209017098,262.3964998,157.7788931,0.030802599
2.2.5.1,T2.2,Ethalia,E21,9,10/31/2023 16:00,11/2/2023 16:00,90.77,83.82,sphere,8.54,7.17,5.71,0.17,Aragonite,No Wax,6.95,0.076567148,7.044838554,160.1571368,183.0677133,0.037964095
2.2.5.2,T2.2,Ethalia,E22,4,10/31/2023 16:00,11/2/2023 16:00,34.21,29.49,sphere,6.21,5.22,3.8,0.16,Aragonite,No Wax,4.72,0.137971353,4.975635601,80.96683629,64.49771399,0.073180888
2.2.5.3,T2.2,Ethalia,E24,2,10/31/2023 16:00,11/2/2023 16:00,37.33,31.05,sphere,5.64,5.24,4.19,0.25,Aragonite,No Wax,6.28,0.168229306,4.984345492,79.27456505,64.83701857,0.096858248
2.2.5.4,T2.2,Ethalia,E24,6,10/31/2023 16:00,11/2/2023 16:00,141.9,127.73,sphere,9.78,8.39,7.43,0.22,Aragonite,No Wax,14.17,0.099859056,8.47936265,228.7637957,319.2186464,0.044389638
2.2.5.5,T2.2,Ethalia,E24,6,10/31/2023 16:00,11/2/2023 16:00,110.16,100.32,sphere,8.45,7.37,5.57,0.33,Aragonite,No Wax,9.84,0.089324619,7.026296363,159.7088316,181.6259983,0.054177266
2.2.6.1,T2.2,Ethalia,E22,5,10/31/2023 16:00,11/2/2023 16:00,243.5,233.76,sphere,11.09,9.1,7.03,0.2,Aragonite,Wax,9.74,0.04,8.918861527,258.632802,371.4726858,0.026219963
2.2.6.2,T2.2,Ethalia,E22,9,10/31/2023 16:00,11/2/2023 16:00,1028.45,1002.03,sphere,16.77,14.1,10.82,0.57,Aragonite,Wax,26.42,0.025689144,13.67707238,606.6960306,1339.609005,0.019722173
2.2.6.3,T2.2,Ethalia,E24,6,10/31/2023 16:00,11/2/2023 16:00,97.97,83.02,sphere,8,6.53,5.15,0.16,Aragonite,Wax,14.95,0.152597734,6.455602768,135.1940416,140.8669202,0.106128536
2.2.6.4,T2.2,Ethalia,E24,9,10/31/2023 16:00,11/2/2023 16:00,416.74,402.25,sphere,12.43,10.35,8.92,0.23,Aragonite,Wax,14.49,0.034769881,10.46948802,350.7727824,600.862299,0.024115342
2.2.6.5,T2.2,Ethalia,E24,5,10/31/2023 16:00,11/2/2023 16:00,246,235.2,sphere,10.79,9.2,6.93,0.31,Aragonite,Wax,10.8,0.043902439,8.827698709,252.9632745,360.1978606,0.029983521
2.2.7.1,T2.2,Natica,E22,8,10/31/2023 16:00,11/2/2023 16:00,109.36,100.17,sphere,7.73,5.08,5.74,0.18,Aragonite,No Wax,9.19,0.084034382,6.085809674,120.1144318,118.0194866,0.077868497
2.2.7.2,T2.2,Natica,E22,7,10/31/2023 16:00,11/2/2023 16:00,84.77,79.39,sphere,7.08,4.99,5.19,0.26,Aragonite,No Wax,5.38,0.063465849,5.681116829,103.9893697,96.00631123,0.056037983
2.2.7.3,T2.2,Natica,E22,5,10/31/2023 16:00,11/2/2023 16:00,72.99,67.66,sphere,6.8,4.38,5.27,0.14,Aragonite,No Wax,5.33,0.073023702,5.394251771,94.45809178,82.18494346,0.064853728
2.2.7.4,T2.2,Natica,E24,8,10/31/2023 16:00,11/2/2023 16:00,92.44,84.28,sphere,7.3,5.75,5.28,0.23,Aragonite,No Wax,8.16,0.088273475,6.051664956,117.2822511,116.0441494,0.070318065
2.2.7.5,T2.2,Natica,E24,8,10/31/2023 16:00,11/2/2023 16:00,37.58,33.51,sphere,5.41,4.11,4.29,0.21,Aragonite,No Wax,4.07,0.108302288,4.569115394,66.57247763,49.94534317,0.081489079
2.2.8.1,T2.2,Natica,E22,6,10/31/2023 16:00,11/2/2023 16:00,107.58,102.17,sphere,7.31,5.31,5.34,0.22,Aragonite,Wax,5.41,0.050288158,5.918128422,112.5952392,108.5304934,0.049847742
2.2.8.2,T2.2,Natica,E22,3,10/31/2023 16:00,11/2/2023 16:00,64.69,60.3,sphere,6.67,5.13,5.04,0.32,Aragonite,Wax,4.39,0.067862112,5.566188527,98.99004862,90.29679959,0.048617448
2.2.8.3,T2.2,Natica,E22,8,10/31/2023 16:00,11/2/2023 16:00,78.04,73.2,sphere,6.75,5.5,5.16,0.12,Aragonite,Wax,4.84,0.062019477,5.764638191,105.8046867,100.3031994,0.048253695
2.2.8.4,T2.2,Natica,E24,7,10/31/2023 16:00,11/2/2023 16:00,80.99,76.15,sphere,6.96,5.2,4.96,0.24,Aragonite,Wax,4.84,0.059760464,5.641112401,102.309246,93.99243096,0.051493508
2.2.8.5,T2.2,Natica,E24,4,10/31/2023 16:00,11/2/2023 16:00,69.82,67.18,sphere,6.39,5.01,4.86,0.24,Aragonite,Wax,2.64,0.037811515,5.378464227,92.28868243,81.46545277,0.032406375
2.2.9.1,T2.2,Calcite,NA,1,10/31/2023 16:00,11/2/2023 16:00,361.47,352.25,cube,8.49,6.69,2.82,2.82,Calcite,No Wax,9.22,0.025506958,5.430764521,199.2114,160.170642,0.057563608
2.2.9.2,T2.2,Calcite,NA,5,10/31/2023 16:00,11/2/2023 16:00,940.98,928.23,cube,9.65,7.45,4.92,4.92,Calcite,No Wax,12.75,0.013549704,7.072119052,312.049,353.7111,0.036046367
2.2.9.3,T2.2,Calcite,NA,1,10/31/2023 16:00,11/2/2023 16:00,390.78,382.6,cube,9.48,6.59,2.5,2.5,Calcite,No Wax,8.18,0.020932494,5.385316764,205.2964,156.183,0.052374458
2.2.9.4,T2.2,Calcite,NA,2,10/31/2023 16:00,11/2/2023 16:00,626.69,614.89,cube,12.91,4.53,4.35,4.35,Calcite,No Wax,11.8,0.018829086,6.336331647,268.6926,254.398005,0.046384012
2.2.9.5,T2.2,Calcite,NA,7,10/31/2023 16:00,11/2/2023 16:00,264.6,257.46,cube,8.51,3.64,3.05,3.05,Calcite,No Wax,7.14,0.026984127,4.554530286,136.0678,94.47802,0.075573133
2.3.1.1,T2.3,Abranda,E22,1,10/31/2023 16:00,11/2/2023 16:00,51.98,39.03,2dome,14.72,9.01,1.81,0.17,Aragonite,No Wax,12.95,0.249134282,6.214941694,228.914662,97.37427429,0.132992005
2.3.1.2,T2.3,Abranda,E22,5,11/14/2023 16:00,11/16/2023 16:00,132.05,107.3,2dome,18.65,12.46,2.4,0.26,Aragonite,No Wax,24.75,0.187429004,8.231317873,401.211227,226.2502772,0.109392131
2.3.1.3,T2.3,Abranda,E22,3,11/14/2023 16:00,11/16/2023 16:00,149.6,124.91,2dome,21.17,13.1,2.63,0.24,Aragonite,No Wax,24.69,0.165040107,9.001522417,479.0843974,295.9479525,0.083426832
2.3.1.4,T2.3,Abranda,E22,8,11/14/2023 16:00,11/16/2023 16:00,112.81,88.94,2dome,18.51,11.84,2.13,0.18,Aragonite,No Wax,23.87,0.211594717,7.757335501,372.7593931,188.3746817,0.126715543
2.3.1.5,T2.3,Abranda,E22,4,11/14/2023 16:00,11/16/2023 16:00,194.83,168.12,2dome,22.21,14.41,2.84,0.17,Aragonite,No Wax,26.71,0.137093877,9.68672476,553.4048977,368.9300519,0.072398548
2.3.2.1,T2.3,Abranda,E22,5,11/14/2023 16:00,11/16/2023 16:00,144.52,134.74,2dome,19.54,12.33,2.49,0.22,Aragonite,Wax,9.78,0.067672294,8.433910623,417.4055088,243.6680327,0.040136574
2.3.2.2,T2.3,Abranda,E22,9,11/14/2023 16:00,11/16/2023 16:00,181.75,171.4,2dome,21.33,14.1,3.06,0.2,Aragonite,Wax,10.35,0.056946355,9.726960036,531.2549416,376.405081,0.027496972
2.3.2.3,T2.3,Abranda,E22,8,11/14/2023 16:00,11/16/2023 16:00,139.93,129.14,2dome,19.99,13.29,2.37,0.1,Aragonite,Wax,10.79,0.077109984,8.570944976,452.6009284,254.2257008,0.042442601
2.3.2.4,T2.3,Abranda,E22,2,11/14/2023 16:00,11/16/2023 16:00,58.56,55.62,2dome,15.87,9.97,1.79,0.13,Aragonite,Wax,2.94,0.050204918,6.567121308,268.669475,114.2235571,0.025738999
2.3.2.5,T2.3,Abranda,E22,2,11/14/2023 16:00,11/16/2023 16:00,108.69,98.09,2dome,18.37,11.91,2.22,0.17,Aragonite,Wax,10.6,0.097525071,7.860641033,374.6353952,196.4652057,0.053953574
2.3.3.1,T2.3,Pinguitellina,E22,8,11/14/2023 16:00,11/16/2023 16:00,82.93,73.18,2dome,12.22,9.79,2.38,0.32,Aragonite,No Wax,9.75,0.117569034,6.578753563,223.5108085,118.871376,0.082021428
2.3.3.2,T2.3,Pinguitellina,E22,3,11/14/2023 16:00,11/16/2023 16:00,118.7,105.57,2dome,11.26,9.28,3.11,0.43,Aragonite,No Wax,13.13,0.110614996,6.875151172,224.908503,143.3664169,0.091583512
2.3.3.3,T2.3,Pinguitellina,E22,1,11/14/2023 16:00,11/16/2023 16:00,71.58,60.31,2dome,10.74,8.67,2.12,0.29,Aragonite,No Wax,11.27,0.157446214,5.822637413,174.5051047,82.50987316,0.136589714
2.3.3.4,T2.3,Pinguitellina,E22,4,11/14/2023 16:00,11/16/2023 16:00,81.4,70.17,2dome,11.04,8.7,2.46,0.3,Aragonite,No Wax,11.23,0.137960688,6.182172862,188.8951698,100.5809665,0.111651343
2.3.3.5,T2.3,Pinguitellina,E22,8,11/14/2023 16:00,11/16/2023 16:00,81.04,72.95,2dome,10.06,8.22,2.52,0.34,Aragonite,No Wax,8.09,0.099827246,5.928663205,169.7949148,90.21248553,0.089677166
2.3.4.1,T2.3,Pinguitellina,E22,2,11/14/2023 16:00,11/16/2023 16:00,102.29,94.88,2dome,11.59,9.49,2.81,0.42,Aragonite,Wax,7.41,0.072441099,6.761120187,222.3831338,132.9888893,0.05571894
2.3.4.2,T2.3,Pinguitellina,E22,2,11/14/2023 16:00,11/16/2023 16:00,92.28,86.55,2dome,10.76,8.95,2.82,0.37,Aragonite,Wax,5.73,0.062093628,6.475820541,201.2372307,118.3880383,0.04840016
2.3.4.3,T2.3,Pinguitellina,E22,2,11/14/2023 16:00,11/16/2023 16:00,66.62,63.66,2dome,10.63,8.93,2.58,0.32,Aragonite,Wax,2.96,0.044431102,6.256548418,190.9326497,105.1674994,0.028145577
2.3.4.4,T2.3,Pinguitellina,E22,7,11/14/2023 16:00,11/16/2023 16:00,145.74,131.97,2dome,13.34,10.29,2.93,0.55,Aragonite,Wax,13.77,0.094483326,7.381528058,269.5615302,171.1128681,0.0804732
2.3.4.5,T2.3,Pinguitellina,E22,7,11/14/2023 16:00,11/16/2023 16:00,90.58,82.97,2dome,10.82,8.71,2.71,0.37,Aragonite,Wax,7.61,0.084014131,6.344609574,194.1796428,110.7148472,0.068735135
2.3.5.1,T2.3,Ethalia,124.7,1,11/14/2023 16:00,11/16/2023 16:00,959.49,909.72,sphere,16.41,14.52,13.18,0.46,Aragonite,No Wax,49.77,0.051871307,14.64412866,679.1746675,1644.330945,0.03026763
2.3.5.2,T2.3,Ethalia,124.7,1,11/14/2023 16:00,11/16/2023 16:00,375.08,353.85,sphere,12.62,11.11,9.03,0.29,Aragonite,No Wax,21.23,0.056601258,10.818168,374.6236142,662.9179619,0.032025079
2.3.5.3,T2.3,Ethalia,124.7,9,11/14/2023 16:00,11/16/2023 16:00,323.83,312.55,sphere,11.27,10.19,7.54,0.3,Aragonite,No Wax,11.28,0.034833091,9.531395308,293.5643802,453.3859611,0.024879465
2.3.5.4,T2.3,Ethalia,124.7,1,11/14/2023 16:00,11/16/2023 16:00,639.91,616.63,sphere,14.56,12.84,9.97,0.46,Aragonite,No Wax,23.28,0.036380116,12.30666897,487.4763593,975.9333954,0.023854087
2.3.5.5,T2.3,Ethalia,124.7,1,11/14/2023 16:00,11/16/2023 16:00,48.82,41.27,sphere,6.9,5.95,4.84,0.14,Aragonite,No Wax,7.55,0.154649734,5.835397872,109.2353059,104.042323,0.072566623
2.3.6.1,T2.3,Ethalia,124.7,7,11/14/2023 16:00,11/16/2023 16:00,149.96,140.23,sphere,9.38,8.18,6.48,0.19,Aragonite,Wax,9.73,0.064883969,7.922161944,201.7326948,260.333328,0.037375161
2.3.6.2,T2.3,Ethalia,124.7,7,11/14/2023 16:00,11/16/2023 16:00,925.06,897.79,sphere,16.15,14.48,10.33,0.38,Aragonite,Wax,27.27,0.029479169,13.41777392,585.635317,1264.852934,0.021559819
2.3.6.3,T2.3,Ethalia,124.7,4,11/14/2023 16:00,11/16/2023 16:00,251.82,234.95,sphere,10.54,9.36,7.41,0.27,Aragonite,Wax,16.87,0.066992296,9.008342487,260.3459125,382.7659438,0.044073932
2.3.6.4,T2.3,Ethalia,124.7,9,11/14/2023 16:00,11/16/2023 16:00,412.97,396.68,sphere,11.82,10.22,8.18,0.28,Aragonite,Wax,16.29,0.039445965,9.960333774,318.7838294,517.3927017,0.031484789
2.3.6.5,T2.3,Ethalia,124.7,3,11/14/2023 16:00,11/16/2023 16:00,170.35,160.27,sphere,9.84,8.42,6.52,0.22,Aragonite,Wax,10.08,0.059172292,8.144259352,214.3433269,282.8481926,0.035637491
2.3.7.1,T2.3,Natica,124.7,3,11/14/2023 16:00,11/16/2023 16:00,167.31,153.98,sphere,8.89,5.34,6.29,0.34,Aragonite,No Wax,13.33,0.079672464,6.683919661,146.9812973,156.347984,0.085258535
2.3.7.2,T2.3,Natica,124.7,4,11/14/2023 16:00,11/16/2023 16:00,89.19,80.93,sphere,6.75,4.38,5.21,0.31,Aragonite,No Wax,8.26,0.092611279,5.360498789,93.19904617,80.65183054,0.10241553
2.3.7.3,T2.3,Natica,124.7,6,11/14/2023 16:00,11/16/2023 16:00,86.1,78.09,sphere,6.94,4.35,5.34,0.21,Aragonite,No Wax,8.01,0.093031359,5.442477741,96.53656948,84.40897115,0.094895127
2.3.7.4,T2.3,Natica,124.7,6,11/14/2023 16:00,11/16/2023 16:00,103.94,85.43,sphere,7.36,4.55,5.59,0.25,Aragonite,No Wax,18.51,0.17808351,5.720495825,106.9014167,98.01660171,0.18884556
2.3.7.5,T2.3,Natica,124.7,6,11/14/2023 16:00,11/16/2023 16:00,52.76,45.63,sphere,6.08,4.08,5.02,0.23,Aragonite,No Wax,7.13,0.135140258,4.99370044,80.43608167,65.20277535,0.109351174
2.3.8.1,T2.3,Natica,124.7,4,11/14/2023 16:00,11/16/2023 16:00,230,217.73,sphere,10.82,6.59,7.77,0.28,Aragonite,Wax,12.27,0.053347826,8.213177928,221.3190589,290.0897051,0.042297261
2.3.8.2,T2.3,Natica,124.7,8,11/14/2023 16:00,11/16/2023 16:00,190.83,183.68,sphere,8.36,5.16,6.31,0.2,Aragonite,Wax,7.15,0.037467903,6.480797417,137.2627804,142.5226736,0.050167456
2.3.8.3,T2.3,Natica,124.7,7,11/14/2023 16:00,11/16/2023 16:00,90.14,83.27,sphere,7.2,4.94,5.47,0.21,Aragonite,Wax,6.87,0.076214777,5.794494975,108.2495439,101.869786,0.067439034
2.3.8.4,T2.3,Natica,124.7,3,11/14/2023 16:00,11/16/2023 16:00,56.2,51.4,sphere,5.68,4.34,4.87,0.21,Aragonite,Wax,4.8,0.085409253,4.933127522,77.39212273,62.85873673,0.0763617
2.3.8.5,T2.3,Natica,124.7,5,11/14/2023 16:00,11/16/2023 16:00,107.14,101.58,sphere,6.65,4.54,5.09,0.19,Aragonite,Wax,5.56,0.051894717,5.356302469,92.51585448,80.46257053,0.069100452
2.3.9.1,T2.3,Calcite,NA,6,11/14/2023 16:00,11/16/2023 16:00,185.53,180.3,cube,7.2,4.84,2.02,2.02,Calcite,No Wax,5.23,0.028189511,4.12898282,118.3376,70.39296,0.074297202
2.3.9.2,T2.3,Calcite,NA,6,11/14/2023 16:00,11/16/2023 16:00,428.82,420.47,cube,6.55,4.98,4.99,4.99,Calcite,No Wax,8.35,0.01947204,5.459971756,180.3074,162.76881,0.051299755
2.3.9.3,T2.3,Calcite,NA,5,11/14/2023 16:00,11/16/2023 16:00,367.58,360.36,cube,9.04,4.78,3.16,3.16,Calcite,No Wax,7.22,0.019641983,5.14945345,173.7648,136.547392,0.052875415
2.3.9.4,T2.3,Calcite,NA,5,11/14/2023 16:00,11/16/2023 16:00,353.11,339.37,cube,5.96,5.08,4.66,4.66,Calcite,No Wax,13.74,0.038911387,5.205933661,163.4464,141.089888,0.097384725
2.3.9.5,T2.3,Calcite,NA,9,11/14/2023 16:00,11/16/2023 16:00,265.98,257.17,cube,5.43,4.94,4.09,4.09,Calcite,No Wax,8.81,0.033122791,4.787219735,138.475,109.710978,0.0803019
4.1.1.1,T4.1,Marginopora,E21,5,11/14/2023 16:00,11/16/2023 16:00,42.93,40.34,cylinder1,8.47,8.26,0.59,0.59,Calcite,No Wax,2.59,0.060330771,3.455984795,125.4012261,32.4194282,0.079890366
4.1.1.2,T4.1,Marginopora,E21,10,11/6/2023 12:30,11/13/2023 12:30,125.39,119.04,cylinder1,11.73,12.14,1.01,1.01,Calcite,No Wax,6.35,0.050641997,5.23937348,261.5547101,112.9608506,0.056214166
4.1.1.4,T4.1,Marginopora,E21,3,11/6/2023 12:30,11/13/2023 12:30,66.08,62.5,cylinder1,7.84,8.07,1.07,1.07,Calcite,No Wax,3.58,0.054176755,4.075595978,126.1231641,53.16958327,0.06733173
4.1.1.5,T4.1,Marginopora,E21,10,11/6/2023 12:30,11/13/2023 12:30,119.79,113.11,cylinder1,10.6,10.97,1.09,1.09,Calcite,No Wax,6.68,0.055764254,5.023190672,219.5868022,99.54715947,0.067103874
4.1.2.1,T4.1,Turbo,E07,11,11/6/2023 12:30,11/13/2023 12:30,172.59,170.55,hemisphere,7.51,6.93,2.78,2.78,Aragonite,No Wax,2.04,0.01181992,5.249758465,106.0304799,68.06643627,0.029970718
4.1.2.2,T4.1,Turbo,E07,3,11/6/2023 12:30,11/13/2023 12:30,106.75,104.96,hemisphere,6.33,5.6,2.34,2.34,Aragonite,No Wax,1.79,0.01676815,4.361165135,72.88369293,39.28254994,0.045567307
4.1.2.3,T4.1,Turbo,E07,5,11/6/2023 12:30,11/13/2023 12:30,203.28,199.67,hemisphere,7.63,6.93,3.13,3.13,Aragonite,No Wax,3.61,0.017758756,5.490358502,113.8351386,81.04810174,0.04454145
4.1.2.4,T4.1,Turbo,E07,8,11/6/2023 12:30,11/13/2023 12:30,131.03,127.52,hemisphere,6.91,6.21,2.67,2.67,Aragonite,No Wax,3.51,0.026787759,4.856912763,89.80069813,54.95883378,0.063865984
4.1.2.5,T4.1,Turbo,E08,6,11/6/2023 12:30,11/13/2023 12:30,650.54,643.93,hemisphere,11.35,10.23,4.4,4.4,Aragonite,No Wax,6.61,0.010160789,7.994194747,243.2071807,245.2267797,0.026954642
4.1.3.1,T4.1,Halimeda,E21,6,11/6/2023 12:30,11/13/2023 12:30,55.4,51.87,rhombus,10,7.49,1,1,Aragonite,No Wax,3.53,0.063718412,4.215288198,142.92,49.6505,0.071096968
4.1.3.2,T4.1,Halimeda,E21,4,11/6/2023 12:30,11/13/2023 12:30,49.7,45.16,rhombus,10.76,8.12,0.84,0.84,Aragonite,No Wax,4.54,0.091348089,4.186803021,160.83,51.30216,0.088495299
4.1.3.3,T4.1,Halimeda,E21,4,11/6/2023 12:30,11/13/2023 12:30,63.3,57.14,rhombus,11.72,8.72,0.86,0.86,Aragonite,No Wax,6.16,0.097314376,4.446116614,164.96566,55.29972,0.111392969
4.1.3.4,T4.1,Halimeda,E21,4,11/6/2023 12:30,11/13/2023 12:30,46.37,42.5,rhombus,8.64,7.62,0.8,0.8,Aragonite,No Wax,3.87,0.083459133,3.748460168,114.9938,34.122,0.113416564
4.1.3.5,T4.1,Halimeda,E21,7,11/6/2023 12:30,11/13/2023 12:30,131.7,126.24,rhombus,12.48,9.11,0.6,0.6,Aragonite,No Wax,5.46,0.041457859,4.085965897,213.6852,54.2718,0.100604734
4.1.4.1,T4.1,Pinguitellina,E21,2,11/6/2023 12:30,11/13/2023 12:30,80.57,74.98,2dome,10.92,8.8,2.37,0.4,Aragonite,No Wax,5.59,0.069380663,6.106858898,186.2392674,96.40641661,0.057983692
4.1.4.2,T4.1,Pinguitellina,E21,5,11/6/2023 12:30,11/13/2023 12:30,63.81,58.09,2dome,10.6,8.76,2.27,0.26,Aragonite,No Wax,5.72,0.089641122,5.951301365,178.2344893,88.898916,0.064342742
4.1.4.3,T4.1,Pinguitellina,E21,1,11/6/2023 12:30,11/13/2023 12:30,76.11,68.92,2dome,9.74,8.35,2.26,0.37,Aragonite,No Wax,7.19,0.094468532,5.685708941,159.8432917,78.22347419,0.091916142
4.1.4.4,T4.1,Pinguitellina,E21,11,11/6/2023 12:30,11/13/2023 12:30,73.58,68.67,2dome,10.6,8.44,2.16,0.35,Aragonite,No Wax,4.91,0.06673009,5.781413351,169.8445519,81.16271948,0.060495755
4.1.4.5,T4.1,Pinguitellina,E21,11,11/6/2023 12:30,11/13/2023 12:30,164.47,155.4,2dome,13.34,11.16,3.52,0.39,Aragonite,No Wax,9.07,0.055146835,8.062212283,311.7025399,228.6255433,0.039671858
4.1.5.1,T4.1,Abranda,E21,7,11/6/2023 12:30,11/13/2023 12:30,18.4,12.93,2dome,10.42,6.84,1.22,0.09,Aragonite,No Wax,5.47,0.297282609,4.430246425,121.3069455,35.09706678,0.15585348
4.1.5.2,T4.1,Abranda,E21,8,11/6/2023 12:30,11/13/2023 12:30,38.4,32.07,2dome,13.45,8.33,1.57,0.13,Aragonite,No Wax,6.33,0.16484375,5.603021807,191.4770877,71.10221446,0.089026763
4.1.5.3,T4.1,Abranda,E21,7,11/6/2023 12:30,11/13/2023 12:30,24.46,18.31,2dome,12.44,7.26,1.38,0.1,Aragonite,No Wax,6.15,0.251430908,4.995113519,153.8312259,50.31966236,0.122218626
4.1.5.4,T4.1,Abranda,E21,10,11/6/2023 12:30,11/13/2023 12:30,69.8,59.39,2dome,15.49,9.96,1.83,0.19,Aragonite,No Wax,10.41,0.149140401,6.560253405,263.3848449,114.08083,0.091251089
4.1.5.5,T4.1,Abranda,E21,9,11/6/2023 12:30,11/13/2023 12:30,44.89,37.36,2dome,12.93,7.64,1.57,0.12,Aragonite,No Wax,7.53,0.167743373,5.372756752,170.6588528,62.93105724,0.119654751
4.1.6.1,T4.1,Calcite,NA,9,11/6/2023 12:30,11/13/2023 12:30,391.63,390.77,cube,6.75,5.55,3.89,3.89,Calcite,No Wax,0.86,0.00219595,5.262378952,170.619,145.729125,0.00590136
4.1.6.2,T4.1,Calcite,NA,11,11/6/2023 12:30,11/13/2023 12:30,322.94,322.02,cube,7.38,4.38,3.75,3.75,Calcite,No Wax,0.92,0.002848826,4.949035625,152.8488,121.2165,0.007589726
4.1.6.3,T4.1,Calcite,NA,8,11/6/2023 12:30,11/13/2023 12:30,234.52,233.76,cube,5.45,4.87,3.19,3.19,Calcite,No Wax,0.76,0.003240662,4.391087071,118.9246,84.667385,0.008976302
4.1.6.4,T4.1,Calcite,NA,1,11/6/2023 12:30,11/13/2023 12:30,475.64,474.47,cube,10.65,5.97,3.08,3.08,Calcite,No Wax,1.17,0.002459844,5.807085475,229.5402,195.82794,0.005974633
4.1.6.5,T4.1,Calcite,NA,3,11/6/2023 12:30,11/13/2023 12:30,306.5,304.98,cube,6.75,4.37,3.92,3.92,Calcite,No Wax,1.52,0.004959217,4.871810932,146.1758,115.6302,0.013145355
4.1.7.1,T4.1,Tridacna,NA,8,11/6/2023 12:30,11/13/2023 12:30,997.22,983.36,cube,9.6,7.95,5.28,5.28,Aragonite,No Wax,13.86,0.013898638,7.386251561,337.968,402.9696,0.034394654
4.1.7.2,T4.1,Tridacna,NA,7,11/6/2023 12:30,11/13/2023 12:30,452.46,446.42,cube,8.74,7.17,2.89,2.89,Aragonite,No Wax,6.04,0.013349246,5.657737716,217.2914,181.104162,0.033350973
4.1.7.3,T4.1,Tridacna,NA,3,11/6/2023 12:30,11/13/2023 12:30,797.19,783.26,cube,9.86,9.57,3.52,3.52,Aragonite,No Wax,13.93,0.017473877,6.925383673,325.5076,332.147904,0.041939148
4.1.7.4,T4.1,Tridacna,NA,2,11/6/2023 12:30,11/13/2023 12:30,1063.57,1051.7,cube,10.79,7.64,5.5,5.5,Aragonite,No Wax,11.87,0.011160525,7.682321844,367.6012,453.3958,0.026180216
4.1.7.5,T4.1,Tridacna,NA,1,11/6/2023 12:30,11/13/2023 12:30,508.06,502.85,cube,9.7,6.93,3.27,3.27,Aragonite,No Wax,5.21,0.010254694,6.035096802,243.2022,219.81267,0.023702
4.1.8.1,T4.1,Liloa,E21,3,11/6/2023 12:30,11/13/2023 12:30,27.71,25.12,cylinder2,8.78,4.12,3.65,0.09,Aragonite,No Wax,2.59,0.093468062,5.092075865,73.90659549,48.66056843,0.053225848
4.1.8.2,T4.1,Liloa,E21,2,11/6/2023 12:30,11/13/2023 12:30,45.68,41.43,cylinder2,10.95,4.43,3.9,0.15,Aragonite,No Wax,4.25,0.093038529,5.740646671,85.10401711,60.11210563,0.070701233
4.1.8.3,T4.1,Liloa,E21,6,11/6/2023 12:30,11/13/2023 12:30,53.93,48.06,cylinder2,9.6,4.77,4.1,0.15,Aragonite,No Wax,5.87,0.108844799,5.726085427,97.18029927,73.26735208,0.08011754
4.1.8.4,T4.1,Liloa,E21,9,11/6/2023 12:30,11/13/2023 12:30,32.18,25,cylinder2,8.55,3.97,2.97,0.11,Aragonite,No Wax,7.18,0.22311995,4.654121216,61.79936865,36.76438828,0.195297687
4.1.8.5,T4.1,Liloa,E21,2,11/6/2023 12:30,11/13/2023 12:30,40.33,35.14,cylinder2,9.17,4.42,3.95,0.17,Aragonite,No Wax,5.19,0.128688321,5.429955039,85.5367715,60.60821808,0.085631952
4.1.9.1,T4.1,Ethalia,E24,4,11/6/2023 12:30,11/13/2023 12:30,632.47,620.13,sphere,14.1,12.58,9.23,0.38,Aragonite,No Wax,12.34,0.019510807,11.7860194,450.1302228,857.2353604,0.014395113
4.1.9.2,T4.1,Ethalia,E24,1,11/6/2023 12:30,11/13/2023 12:30,50.31,44.77,sphere,6.65,5.74,5.11,0.19,Aragonite,No Wax,5.54,0.110117273,5.799423347,106.9014167,102.1299361,0.054244624
4.1.9.3,T4.1,Ethalia,124.7,10,11/6/2023 12:30,11/13/2023 12:30,218.06,209.83,sphere,10.14,8.66,7.92,0.24,Aragonite,No Wax,8.23,0.037741906,8.859863063,249.218496,364.1494438,0.022600611
4.1.9.4,T4.1,Ethalia,124.7,7,11/6/2023 12:30,11/13/2023 12:30,861.76,843.7,sphere,15.52,13.67,11.58,0.41,Aragonite,No Wax,18.06,0.020957111,13.49344771,580.2147782,1286.374473,0.014039458
4.1.9.5,T4.1,Ethalia,124.7,5,11/6/2023 12:30,11/13/2023 12:30,133.36,125.07,sphere,8.85,7.58,6.26,0.31,Aragonite,No Wax,8.29,0.062162567,7.488513261,179.7117011,219.8798499,0.037702409
4.1.10.1,T4.1,Natica,E22,10,11/6/2023 12:30,11/13/2023 12:30,46.87,43.48,sphere,5.53,4.43,4.55,0.14,Aragonite,No Wax,3.39,0.072327715,4.812603524,73.49235905,58.36317052,0.058084576
4.1.10.2,T4.1,Natica,E24,6,11/6/2023 12:30,11/13/2023 12:30,80.51,76.08,sphere,7.19,3.58,5.44,0.14,Aragonite,No Wax,4.43,0.055024221,5.192824027,91.72197402,73.31780239,0.060421887
4.1.10.3,T4.1,Natica,E24,9,11/6/2023 12:30,11/13/2023 12:30,99.13,94.35,sphere,6.79,5.22,5.34,0.29,Aragonite,No Wax,4.78,0.04821951,5.741523915,105.076675,99.10148371,0.048233385
4.1.10.4,T4.1,Natica,E24,5,11/6/2023 12:30,11/13/2023 12:30,115.61,110.18,sphere,7.52,5.2,5.34,0.33,Aragonite,No Wax,5.43,0.046968255,5.932724032,113.8525744,109.3354668,0.049663665
4.1.10.5,T4.1,Natica,E24,4,11/6/2023 12:30,11/13/2023 12:30,63.23,58.73,sphere,6.24,4.34,4.58,0.22,Aragonite,No Wax,4.5,0.071168749,4.987083032,80.22426851,64.94390811,0.069290564
4.1.11.1,T4.1,Scaphopod,E22,1,11/6/2023 12:30,11/13/2023 12:30,104.08,88.32,2cone,2.54,1.71,20.42,0.28,Aragonite,No Wax,15.76,0.151421983,4.459592622,173.3933445,34.48988908,0.456945511
4.1.11.2,T4.1,Scaphopod,E22,9,11/6/2023 12:30,11/13/2023 12:30,79.25,70.81,2cone,2.8,1.06,26.44,0.15,Aragonite,No Wax,8.44,0.106498423,4.281294627,245.2192436,54.26829038,0.155523602
4.1.11.3,T4.1,Scaphopod,E22,11,11/6/2023 12:30,11/13/2023 12:30,76.29,70.7,2cone,2.58,1.72,20.31,0.16,Aragonite,No Wax,5.59,0.073273037,4.483522554,175.4063955,35.39304775,0.157940623
4.1.11.4,T4.1,Scaphopod,E22,6,11/6/2023 12:30,11/13/2023 12:30,68.39,59.67,2cone,3.06,2.27,15.37,0.25,Aragonite,No Wax,8.72,0.127504021,4.743953066,163.194584,37.67778357,0.231436119
4.1.11.5,T4.1,Scaphopod,E22,8,11/6/2023 12:30,11/13/2023 12:30,58.86,50.03,2cone,2.5,1.02,24.25,0.17,Aragonite,No Wax,8.83,0.150016989,3.954430749,200.5293916,39.67896971,0.22253602
4.2.1.1,T4.2,Marginopora,E22,7,11/17/2023 11:30,11/24/2023 11:30,51.95,46.09,cylinder1,9.45,9.19,0.66,0.66,Calcite,No Wax,5.86,0.11280077,3.855645398,155.7411571,45.01747549,0.130171671
4.2.1.2,T4.2,Marginopora,E22,8,11/17/2023 11:30,11/24/2023 11:30,44.08,38.78,cylinder1,8.33,8.07,0.71,0.71,Calcite,No Wax,5.3,0.120235935,3.627373659,123.884151,37.48579849,0.141386878
4.2.1.3,T4.2,Marginopora,E22,3,11/17/2023 11:30,11/24/2023 11:30,71.53,68.28,cylinder1,7.35,7.41,3.26,3.26,Calcite,No Wax,3.25,0.045435482,5.620492626,161.1340151,139.4482372,0.023306139
4.2.1.4,T4.2,Marginopora,E22,9,11/17/2023 11:30,11/24/2023 11:30,91.32,86.25,cylinder1,11.02,11.34,0.77,0.77,Calcite,No Wax,5.07,0.055519054,4.582422458,223.3421049,75.57449531,0.067086124
4.2.1.5,T4.2,Marginopora,E22,7,11/17/2023 11:30,11/24/2023 11:30,56,52.33,cylinder1,7.91,7.63,1.02,1.02,Calcite,No Wax,3.67,0.065535714,3.948514444,119.7011204,48.34939839,0.075905805
4.2.2.1,T4.2,Turbo,E08,4,11/17/2023 11:30,11/24/2023 11:30,403.81,398.35,hemisphere,9.6,8.59,4,4,Aragonite,No Wax,5.46,0.01352121,6.909417931,179.7996308,163.0444699,0.033487796
4.2.2.2,T4.2,Turbo,E08,11,11/17/2023 11:30,11/24/2023 11:30,248.7,244.06,hemisphere,8.17,7.26,3.45,3.45,Aragonite,No Wax,4.64,0.018657016,5.892857295,130.563334,101.8604437,0.045552521
4.2.2.3,T4.2,Turbo,E08,7,11/17/2023 11:30,11/24/2023 11:30,241.34,238.85,hemisphere,7.84,7.41,3.26,3.26,Aragonite,No Wax,2.49,0.010317395,5.742715352,124.6420602,92.51298377,0.026915141
4.2.2.4,T4.2,Turbo,E08,8,11/17/2023 11:30,11/24/2023 11:30,559.36,554.57,hemisphere,10.62,9.66,4.44,1.23,Aragonite,No Wax,4.79,0.008563358,7.69416575,223.0788395,224.7026345,0.021317062
4.2.2.5,T4.2,Turbo,E08,4,11/17/2023 11:30,11/24/2023 11:30,81.91,79.29,hemisphere,5.9,5.27,2.07,0.83,Aragonite,No Wax,2.62,0.031986326,4.007538077,62.30218055,29.91928515,0.087568937
4.2.3.1,T4.2,Halimeda,E22,3,11/17/2023 11:30,11/24/2023 11:30,120.98,110.48,rhombus,13.19,10.82,1.23,1,Aragonite,No Wax,10.5,0.086791205,5.599196675,261.15404,119.64948,0.087756336
4.2.3.2,T4.2,Halimeda,E22,3,11/17/2023 11:30,11/24/2023 11:30,40.11,34.26,rhombus,9.84,9.05,0.83,0.94,Aragonite,No Wax,5.85,0.145848915,4.196693543,170.01174,55.647765,0.105125516
4.2.3.3,T4.2,Halimeda,E22,4,11/17/2023 11:30,11/24/2023 11:30,95.07,87.63,rhombus,12.36,8.53,1,1.41,Aragonite,No Wax,7.44,0.078258126,4.724137185,224.027,87.39,0.085135599
4.2.3.4,T4.2,Halimeda,E22,6,11/17/2023 11:30,11/24/2023 11:30,46.19,41.55,rhombus,11.22,8.74,0.94,0.94,Aragonite,No Wax,4.64,0.100454644,4.517283851,171.2856,61.95305,0.074895425
4.2.3.5,T4.2,Halimeda,E22,5,11/17/2023 11:30,11/24/2023 11:30,77.81,72.03,rhombus,11.46,8.68,1.41,1.41,Aragonite,No Wax,5.78,0.074283511,5.195665125,200.80425,90.945,0.063554896
4.2.4.1,T4.2,Pinguitellina,E22,9,11/17/2023 11:30,11/24/2023 11:30,91.96,79.57,2dome,11.14,9.21,2.74,0.38,Aragonite,No Wax,12.39,0.134732492,6.550862159,208.3344027,121.1673493,0.10225527
4.2.4.2,T4.2,Pinguitellina,E22,4,11/17/2023 11:30,11/24/2023 11:30,54.05,48.27,2dome,9.77,7.71,1.94,0.35,Aragonite,No Wax,5.78,0.10693802,5.267245457,141.9702999,61.209604,0.094429626
4.2.4.3,T4.2,Pinguitellina,E22,10,11/17/2023 11:30,11/24/2023 11:30,48.05,43.12,2dome,9.65,8.05,1.97,0.32,Aragonite,No Wax,4.93,0.102601457,5.348883512,146.4077995,64.09962538,0.076911526
4.2.4.4,T4.2,Pinguitellina,E22,7,11/17/2023 11:30,11/24/2023 11:30,52.44,47.65,2dome,10.3,8.29,1.84,0.32,Aragonite,No Wax,4.79,0.091342487,5.395974137,155.3979381,64.95953021,0.073738218
4.2.4.5,T4.2,Pinguitellina,E22,8,11/17/2023 11:30,11/24/2023 11:30,118.15,112.19,2dome,12.23,9.94,2.39,0.45,Aragonite,No Wax,5.96,0.05044435,6.623236264,226.8459232,121.244183,0.049156998
4.2.5.1,T4.2,Abranda,E22,10,11/17/2023 11:30,11/24/2023 11:30,87.23,67.92,2dome,16.86,11.04,2.05,0.24,Aragonite,No Wax,19.31,0.221368795,7.253152937,318.7843181,154.3552252,0.125101045
4.2.5.2,T4.2,Abranda,E22,1,11/17/2023 11:30,11/24/2023 11:30,152.11,135.93,2dome,18.56,12.34,2.35,0.25,Aragonite,No Wax,16.18,0.10637039,8.13430273,394.4590019,218.1542647,0.0741677
4.2.5.3,T4.2,Abranda,E22,1,11/17/2023 11:30,11/24/2023 11:30,76.15,67.2,2dome,15.02,9.7,1.8,0.2,Aragonite,No Wax,8.95,0.117531188,6.400856005,249.2131204,106.0386481,0.084403188
4.2.5.4,T4.2,Abranda,E22,5,11/17/2023 11:30,11/24/2023 11:30,293.07,279.72,2dome,24.16,15.38,3.28,0.34,Aragonite,No Wax,13.35,0.045552257,10.68174903,651.2747766,497.0922787,0.026856181
4.2.5.5,T4.2,Abranda,E22,6,11/17/2023 11:30,11/24/2023 11:30,59.18,50.09,2dome,13.92,9.21,1.88,0.24,Aragonite,No Wax,9.09,0.153599189,6.223273746,223.5884058,98.12826648,0.092633859
4.2.6.1,T4.2,Calcite,NA,2,11/17/2023 11:30,11/24/2023 11:30,341.18,339.32,cube,9.44,6.55,2.21,2.21,Calcite,No Wax,1.86,0.005451668,5.15072689,194.3398,136.64872,0.013611544
4.2.6.2,T4.2,Calcite,NA,5,11/17/2023 11:30,11/24/2023 11:30,359.94,358.99,cube,6.44,5.42,3.84,3.84,Calcite,No Wax,0.95,0.002639329,5.117668209,160.8944,134.034432,0.007087731
4.2.6.3,T4.2,Calcite,NA,2,11/17/2023 11:30,11/24/2023 11:30,212.33,211.83,cube,5.56,4.09,3.53,3.53,Calcite,No Wax,0.5,0.002354825,4.313776117,113.6098,80.273612,0.006228697
4.2.6.4,T4.2,Calcite,NA,1,11/17/2023 11:30,11/24/2023 11:30,243.2,242.54,cube,6.81,4.81,2.99,2.99,Calcite,No Wax,0.66,0.002713816,4.609506788,134.9998,97.940739,0.006738769
4.2.6.5,T4.2,Calcite,NA,11,11/17/2023 11:30,11/24/2023 11:30,277.98,277.1,cube,8.6,8.71,8.23,1.61,Calcite,No Wax,0.88,0.003165695,8.510834535,434.7346,616.47638,0.001427468
4.2.7.1,T4.2,Tridacna,NA,1,11/17/2023 11:30,11/24/2023 11:30,323.72,305.91,cube,6.55,4.45,4.75,4.75,Aragonite,No Wax,17.81,0.055016681,5.173267952,162.795,138.450625,0.128637917
4.2.7.2,T4.2,Tridacna,NA,10,11/17/2023 11:30,11/24/2023 11:30,295.91,286.38,cube,8.77,4.46,3.18,3.18,Aragonite,No Wax,9.53,0.032205738,4.991761847,162.3712,124.383156,0.076618091
4.2.7.3,T4.2,Tridacna,NA,8,11/17/2023 11:30,11/24/2023 11:30,437.89,431.67,cube,6.71,5.46,4.66,4.66,Aragonite,No Wax,6.22,0.014204481,5.547538946,186.6976,170.726556,0.036432528
4.2.7.4,T4.2,Tridacna,NA,10,11/17/2023 11:30,11/24/2023 11:30,322.21,315.12,cube,7.79,6.44,2.6,2.6,Aragonite,No Wax,7.09,0.022004283,5.07145089,174.3312,130.43576,0.054356259
4.2.7.5,T4.2,Tridacna,NA,9,11/17/2023 11:30,11/24/2023 11:30,238.11,231.69,cube,7.67,4.1,3.37,3.37,Aragonite,No Wax,6.42,0.026962328,4.73227209,142.2238,105.97639,0.060579531
4.2.8.1,T4.2,Liloa,E22,11,11/17/2023 11:30,11/24/2023 11:30,35.04,24.92,cylinder2,10.59,4.38,4.24,0.06,Aragonite,No Wax,10.12,0.288812785,5.815387283,88.47793054,63.88574431,0.158407797
4.2.8.2,T4.2,Liloa,E22,6,11/17/2023 11:30,11/24/2023 11:30,52.88,44.48,cylinder2,10.62,4.53,3.78,0.22,Aragonite,No Wax,8.4,0.158850227,5.665499074,86.02890199,60.92255171,0.137879977
4.2.8.3,T4.2,Liloa,E22,5,11/17/2023 11:30,11/24/2023 11:30,35.85,25.65,cylinder2,8.84,4.3,3.76,0.08,Aragonite,No Wax,10.2,0.284518828,5.228408618,79.83729411,54.60276527,0.186803726
4.2.8.4,T4.2,Liloa,E22,3,11/17/2023 11:30,11/24/2023 11:30,34.25,24.77,cylinder2,10.01,4.61,3.73,0.07,Aragonite,No Wax,9.48,0.276788321,5.562644148,87.40334877,62.25877395,0.152267695
4.2.8.5,T4.2,Liloa,E22,1,11/17/2023 11:30,11/24/2023 11:30,30.37,24.91,cylinder2,9.75,4.21,4.47,0.12,Aragonite,No Wax,5.46,0.17978268,5.682394896,86.96164085,62.22452588,0.087746751
4.2.9.1,T4.2,Ethalia,124.7,6,11/17/2023 11:30,11/24/2023 11:30,237.39,222.96,sphere,10.18,9.09,7.33,0.31,Aragonite,No Wax,14.43,0.060786048,8.786283495,246.9850331,355.1519947,0.040630491
4.2.9.2,T4.2,Ethalia,124.7,7,11/17/2023 11:30,11/24/2023 11:30,302.27,291.57,sphere,11.2,9.94,8.72,0.35,Aragonite,No Wax,10.7,0.035398816,9.901636161,311.2339539,508.2993032,0.02105059
4.2.9.3,T4.2,Ethalia,124.7,6,11/17/2023 11:30,11/24/2023 11:30,157.63,149.08,sphere,9.89,8.44,7.25,0.31,Aragonite,No Wax,8.55,0.054240944,8.458478471,228.4064919,316.8657998,0.026983032
4.2.9.4,T4.2,Ethalia,124.7,2,11/17/2023 11:30,11/24/2023 11:30,232.84,222.7,sphere,10.46,8.93,7.78,0.27,Aragonite,No Wax,10.14,0.043549218,8.990577315,257.6835175,380.5058716,0.026648735
4.2.9.5,T4.2,Ethalia,124.7,10,11/17/2023 11:30,11/24/2023 11:30,756.54,738.66,sphere,14.59,13.43,10.63,0.43,Aragonite,No Wax,17.88,0.023633912,12.77090055,521.4424213,1090.594219,0.016394732
4.2.10.1,T4.2,Natica,124.7,8,11/17/2023 11:30,11/24/2023 11:30,42.65,38.01,sphere,5.66,3.37,4.25,0.16,Aragonite,No Wax,4.64,0.108792497,4.327911991,61.56069487,42.445718,0.109316092
4.2.10.2,T4.2,Natica,124.7,2,11/17/2023 11:30,11/24/2023 11:30,129,123.55,sphere,7.86,4.51,5.96,0.25,Aragonite,No Wax,5.45,0.042248062,5.955914426,117.2822511,110.6226276,0.049266593
4.2.10.3,T4.2,Natica,124.7,9,11/17/2023 11:30,11/24/2023 11:30,66.26,62.02,sphere,6.5,3.71,4.58,0.2,Aragonite,No Wax,4.24,0.063990341,4.797896937,76.35609529,57.82975689,0.073318655
4.2.10.4,T4.2,Natica,124.7,11,11/17/2023 11:30,11/24/2023 11:30,207.68,201.22,sphere,9.39,5.6,7.61,0.23,Aragonite,No Wax,6.46,0.031105547,7.369071302,178.2888737,209.5255061,0.030831569
4.2.10.5,T4.2,Natica,124.7,2,11/17/2023 11:30,11/24/2023 11:30,99.79,95.1,sphere,7.02,4.18,5.21,0.2,Aragonite,No Wax,4.69,0.046998697,5.347084398,93.99927963,80.04786249,0.058589947
4.2.11.1,T4.2,Scaphopod,E23,5,11/17/2023 11:30,11/24/2023 11:30,117.86,98.2,2cone,3.15,1.16,28.63,0.24,Aragonite,No Wax,19.66,0.166808077,4.711906135,299.3375818,74.3722777,0.26434581
4.2.11.2,T4.2,Scaphopod,E23,9,11/17/2023 11:30,11/24/2023 11:30,125.39,104.82,2cone,3.49,2.4,22.94,0.19,Aragonite,No Wax,20.57,0.16404817,5.770454586,271.3768834,73.14975807,0.281203938
4.2.11.3,T4.2,Scaphopod,E23,11,11/17/2023 11:30,11/24/2023 11:30,91.17,79.55,2cone,2.95,1.05,30.37,0.13,Aragonite,No Wax,11.62,0.127454206,4.547981635,295.4616142,69.19224956,0.167937884
4.2.11.4,T4.2,Scaphopod,124.7,4,11/17/2023 11:30,11/24/2023 11:30,292.27,271.32,2cone,3.64,1.37,46.66,0.18,Aragonite,No Wax,20.95,0.071680296,6.150667194,554.7938051,161.8512763,0.12943982
4.2.11.5,T4.2,Scaphopod,124.7,3,11/17/2023 11:30,11/24/2023 11:30,201.23,185.9,2cone,3.33,1.19,37.75,0.22,Aragonite,No Wax,15.33,0.076181484,5.308470199,412.724103,109.590788,0.13988402
4.3.1.1,T4.3,Marginopora,E24,7,12/1/2023 13:00,12/8/2023 13:00,156.17,149.68,cylinder1,11.95,12.05,0.93,0.93,Calcite,No Wax,6.49,0.041557277,5.116181782,261.2509181,105.178696,0.061704511
4.3.1.2,T4.3,Marginopora,E24,8,12/1/2023 13:00,12/8/2023 13:00,42.77,39.66,cylinder1,6.87,6.66,0.96,0.96,Calcite,No Wax,3.11,0.07271452,3.528315396,92.27328862,34.49785406,0.090150535
4.3.1.3,T4.3,Marginopora,E24,3,12/1/2023 13:00,12/8/2023 13:00,64.82,60.92,cylinder1,8.25,8.3,0.94,0.94,Calcite,No Wax,3.9,0.060166615,4.007620888,131.9971569,50.55333088,0.077146252
4.3.1.4,T4.3,Marginopora,E24,9,12/1/2023 13:00,12/8/2023 13:00,38.68,35.91,cylinder1,7.57,7.42,0.73,0.73,Calcite,No Wax,2.77,0.071613237,3.448319899,105.4194402,32.20420083,0.086013623
4.3.1.5,T4.3,Marginopora,E24,7,12/1/2023 13:00,12/8/2023 13:00,63.82,59.4,cylinder1,9.07,9.33,1.06,1.06,Calcite,No Wax,4.42,0.069257286,4.47642795,163.5624662,70.45059696,0.062739
4.3.2.1,T4.3,Turbo,E08,8,12/1/2023 13:00,12/8/2023 13:00,142.95,139.8,hemisphere,5.86,6.2,2.68,2.68,Aragonite,No Wax,3.15,0.022035677,4.60053176,79.63434722,48.3156802,0.065196226
4.3.2.2,T4.3,Turbo,E09,6,12/1/2023 13:00,12/8/2023 13:00,428.75,424.31,hemisphere,9.81,8.98,4.03,4.03,Aragonite,No Wax,4.44,0.010355685,7.080818516,189.3997096,173.685221,0.025563488
4.3.2.3,T4.3,Turbo,E09,5,12/1/2023 13:00,12/8/2023 13:00,184.33,181.14,hemisphere,7.48,6.81,2.85,2.85,Aragonite,No Wax,3.19,0.017305919,5.255707534,105.5320663,69.13117046,0.046144163
4.3.2.4,T4.3,Turbo,E09,8,12/1/2023 13:00,12/8/2023 13:00,243.69,239.98,hemisphere,8.41,7.38,3.3,3.3,Aragonite,No Wax,3.71,0.01522426,5.894614832,131.7046747,99.24807199,0.037381079
4.3.2.5,T4.3,Turbo,E09,1,12/1/2023 13:00,12/8/2023 13:00,241.9,237.94,hemisphere,8.05,7.19,3.4,3.4,Aragonite,No Wax,3.96,0.016370401,5.816582548,127.2337171,97.85889637,0.040466428
4.3.3.1,T4.3,Halimeda,E24,5,12/1/2023 13:00,12/8/2023 13:00,42.81,37.25,rhombus,10.34,7.03,0.97,0.97,Aragonite,No Wax,5.56,0.129876197,4.131260044,138.9751,49.464665,0.11240347
4.3.3.2,T4.3,Halimeda,E24,9,12/1/2023 13:00,12/8/2023 13:00,84.6,79.59,rhombus,11.6,8.02,1.33,1.33,Aragonite,No Wax,5.01,0.059219858,4.983043359,208.0118,96.794075,0.051759366
4.3.3.3,T4.3,Halimeda,E24,10,12/1/2023 13:00,12/8/2023 13:00,49.98,33.65,rhombus,11.13,8.09,1.26,1.26,Aragonite,No Wax,16.33,0.326730692,4.841033378,172.91132,75.64851,0.215866776
4.3.3.4,T4.3,Halimeda,E24,6,12/1/2023 13:00,12/8/2023 13:00,73.06,66.78,rhombus,11.03,8.4,1.29,1.29,Aragonite,No Wax,6.28,0.085956748,4.925853632,186.11123,81.695055,0.076871238
4.3.3.5,T4.3,Halimeda,E24,11,12/1/2023 13:00,12/8/2023 13:00,44.02,39.71,rhombus,11.46,8.55,0.88,0.88,Aragonite,No Wax,4.31,0.097910041,4.417851716,176.48032,60.8124,0.070873703
4.3.4.1,T4.3,Pinguitellina,E24,2,12/1/2023 13:00,12/8/2023 13:00,115.74,107.26,2dome,12.39,10,3.04,0.44,Aragonite,No Wax,8.48,0.073267669,7.221847221,252.6883502,162.6226923,0.052145244
4.3.4.2,T4.3,Pinguitellina,E24,1,12/1/2023 13:00,12/8/2023 13:00,80.04,66.33,2dome,11.54,8.89,2.18,0.4,Aragonite,No Wax,13.71,0.171289355,6.069990636,191.0091475,93.25077581,0.147022906
4.3.4.3,T4.3,Pinguitellina,E24,3,12/1/2023 13:00,12/8/2023 13:00,108.86,98.11,2dome,11.94,9.68,2.05,0.45,Aragonite,No Wax,10.75,0.098750689,6.187917503,207.9564691,97.55595259,0.110193173
4.3.4.4,T4.3,Pinguitellina,E24,1,12/1/2023 13:00,12/8/2023 13:00,139.97,131.68,2dome,12.95,10.43,2.8,0.47,Aragonite,No Wax,8.29,0.059226977,7.23164951,261.4252765,160.0096129,0.051809387
4.3.4.5,T4.3,Pinguitellina,E24,4,12/1/2023 13:00,12/8/2023 13:00,109.86,103.55,2dome,11.22,9.32,2.75,0.42,Aragonite,No Wax,6.31,0.057436738,6.600555509,211.7753891,123.8171434,0.050962248
4.3.5.1,T4.3,Abranda,E24,7,12/1/2023 13:00,12/8/2023 13:00,80.35,68.58,2dome,16.3,10.55,2.06,0.26,Aragonite,No Wax,11.77,0.146484132,7.075694846,296.7853155,143.6900292,0.081912434
4.3.5.2,T4.3,Abranda,E24,11,12/1/2023 13:00,12/8/2023 13:00,114.44,103.37,2dome,16.52,10.83,2.13,0.27,Aragonite,No Wax,11.07,0.096731912,7.250022722,309.5398675,154.7102843,0.071553097
4.3.5.3,T4.3,Abranda,E24,8,12/1/2023 13:00,12/8/2023 13:00,263.84,248.28,2dome,20.88,13.94,2.79,0.34,Aragonite,No Wax,15.56,0.058975136,9.329660144,506.1162314,330.273413,0.047112481
4.3.5.4,T4.3,Abranda,E24,3,12/1/2023 13:00,12/8/2023 13:00,108.22,93.75,2dome,18.94,11.99,2.2,0.23,Aragonite,No Wax,14.47,0.133709111,7.93488456,387.1236972,201.7674739,0.071716217
4.3.5.5,T4.3,Abranda,E24,8,12/1/2023 13:00,12/8/2023 13:00,170.78,155.43,2dome,20.33,13.82,2.4,0.3,Aragonite,No Wax,15.35,0.089881719,8.769043433,477.5230258,272.0373565,0.056426074
4.3.6.1,T4.3,Calcite,NA,3,12/1/2023 13:00,12/8/2023 13:00,317.16,316.09,cube,5.19,5.05,4.91,4.91,Calcite,No Wax,1.07,0.003373692,5.048705939,152.9758,128.688645,0.008314642
4.3.6.2,T4.3,Calcite,NA,7,12/1/2023 13:00,12/8/2023 13:00,139.63,138.68,cube,4.95,4.53,2.82,2.82,Calcite,No Wax,0.95,0.006803695,3.983983243,98.3142,63.23427,0.015023499
4.3.6.3,T4.3,Calcite,NA,9,12/1/2023 13:00,12/8/2023 13:00,182.86,181.95,cube,6.53,4.7,2.36,2.36,Calcite,No Wax,0.91,0.004976485,4.168447608,114.3876,72.43076,0.012563723
4.3.6.4,T4.3,Calcite,NA,9,12/1/2023 13:00,12/8/2023 13:00,106.67,106.06,cube,5.23,4.46,1.79,1.79,Calcite,No Wax,0.61,0.005718571,3.469204168,81.3418,41.753182,0.014609665
4.3.6.5,T4.3,Calcite,NA,7,12/1/2023 13:00,12/8/2023 13:00,359.51,358.4,cube,6.21,5.24,4.78,4.78,Calcite,No Wax,1.11,0.003087536,5.377952077,174.5428,155.543112,0.007136285
4.3.7.1,T4.3,Tridacna,NA,6,12/1/2023 13:00,12/8/2023 13:00,380.7,371.64,cube,7.93,7.74,2.72,2.72,Aragonite,No Wax,9.06,0.023798266,5.506314555,208.0012,166.948704,0.054268166
4.3.7.2,T4.3,Tridacna,NA,2,12/1/2023 13:00,12/8/2023 13:00,94.99,88.63,cube,6.82,5.61,1.44,1.44,Aragonite,No Wax,6.36,0.066954416,3.805133597,112.3188,55.094688,0.115437626
4.3.7.3,T4.3,Tridacna,NA,2,12/1/2023 13:00,12/8/2023 13:00,232.29,219.87,cube,10.04,9.48,1.34,1.34,Aragonite,No Wax,12.42,0.053467648,5.033641515,242.672,127.540128,0.097381116
4.3.7.4,T4.3,Tridacna,NA,9,12/1/2023 13:00,12/8/2023 13:00,168.66,164.62,cube,7.17,4.29,2.67,2.67,Aragonite,No Wax,4.04,0.023953516,4.346729051,122.715,82.127331,0.049191907
4.3.7.5,T4.3,Tridacna,NA,5,12/1/2023 13:00,12/8/2023 13:00,115.74,111.24,cube,7.73,5.08,1.63,1.63,Aragonite,No Wax,4.5,0.038880249,4.000156077,120.2974,64.007492,0.07030427
4.3.8.1,T4.3,Liloa,124.7,1,12/1/2023 13:00,12/8/2023 13:00,33.68,25.75,cylinder2,10.35,4.2,3.63,0.12,Aragonite,No Wax,7.93,0.235451306,5.403793631,75.6055688,50.29155768,0.157680541
4.3.8.2,T4.3,Liloa,124.7,4,12/1/2023 13:00,12/8/2023 13:00,41.29,33.78,cylinder2,9.44,4.28,3.93,0.15,Aragonite,No Wax,7.51,0.181884233,5.415053743,81.6173205,56.54184423,0.132821985
4.3.8.3,T4.3,Liloa,124.7,4,12/1/2023 13:00,12/8/2023 13:00,64.06,49.78,cylinder2,11.66,5.19,4.68,0.19,Aragonite,No Wax,14.28,0.222916016,6.567053995,118.6178992,99.00803704,0.144230715
4.3.8.4,T4.3,Liloa,124.7,4,12/1/2023 13:00,12/8/2023 13:00,35.75,28.22,cylinder2,9.87,4.07,3.68,0.21,Aragonite,No Wax,7.53,0.210629371,5.287533438,73.0736022,47.8769547,0.157278174
4.3.8.5,T4.3,Liloa,124.7,9,12/1/2023 13:00,12/8/2023 13:00,73.74,63.89,cylinder2,13.77,5.47,4.65,0.11,Aragonite,No Wax,9.85,0.133577434,7.048955028,126.9076198,109.2741626,0.090140247
4.3.9.1,T4.3,Ethalia,124.7,11,12/1/2023 13:00,12/8/2023 13:00,184.95,174.21,sphere,10.01,9.04,7.55,0.27,Aragonite,No Wax,10.74,0.058069749,8.807442567,246.9850331,357.724003,0.030023146
4.3.9.2,T4.3,Ethalia,124.7,10,12/1/2023 13:00,12/8/2023 13:00,593.7,581.51,sphere,14.04,12.16,9.94,0.37,Aragonite,No Wax,12.19,0.020532255,11.92785513,455.9147676,888.557812,0.01371886
4.3.9.3,T4.3,Ethalia,124.7,6,12/1/2023 13:00,12/8/2023 13:00,150.57,142.88,sphere,9.58,8.18,7.08,0.25,Aragonite,No Wax,7.69,0.051072591,8.217077003,215.3825658,290.5030475,0.026471323
4.3.9.4,T4.3,Ethalia,124.7,2,12/1/2023 13:00,12/8/2023 13:00,115.81,108.32,sphere,8.52,7.48,6.52,0.28,Aragonite,No Wax,7.49,0.064674899,7.46213204,177.0288857,217.5641883,0.034426622
4.3.9.5,T4.3,Ethalia,124.7,2,12/1/2023 13:00,12/8/2023 13:00,394.64,383.52,sphere,12.1,11.01,8.91,0.37,Aragonite,No Wax,11.12,0.02817758,10.58806985,357.8903747,621.5112806,0.017891872
4.3.10.1,T4.3,Natica,124.7,9,12/1/2023 13:00,12/8/2023 13:00,177.12,166,sphere,9.49,5.55,7.62,0.22,Aragonite,No Wax,11.12,0.062782294,7.376291238,179.236797,210.1419651,0.052916608
4.3.10.2,T4.3,Natica,124.7,8,12/1/2023 13:00,12/8/2023 13:00,142.04,135.98,sphere,8.25,4.66,6.34,0.25,Aragonite,No Wax,6.06,0.042664038,6.246590567,129.3507142,127.6226462,0.047483736
4.3.10.3,T4.3,Natica,124.7,8,12/1/2023 13:00,12/8/2023 13:00,256.09,239.54,sphere,9.59,5.54,8.75,0.33,Aragonite,No Wax,16.55,0.064625718,7.746618018,199.0563371,243.4081117,0.067992804
4.3.10.4,T4.3,Natica,124.7,3,12/1/2023 13:00,12/8/2023 13:00,53.84,50.78,sphere,6.2,3.78,5.22,0.22,Aragonite,No Wax,3.06,0.056835067,4.964223553,80.64817408,64.05493792,0.047771493
4.3.10.5,T4.3,Natica,124.7,8,12/1/2023 13:00,12/8/2023 13:00,132.59,127.06,sphere,8.24,4.64,6.02,0.26,Aragonite,No Wax,5.53,0.041707519,6.128401749,124.6898124,120.5147782,0.045886489
4.3.11.1,T4.3,Scaphopod,124.7,4,12/1/2023 13:00,12/8/2023 13:00,113.96,97.57,2cone,3.31,0.99,32.92,0.14,Aragonite,No Wax,16.39,0.143822394,4.760373238,359.966398,94.42444498,0.173577933
4.3.11.2,T4.3,Scaphopod,124.7,3,12/1/2023 13:00,12/8/2023 13:00,78.06,70.17,2cone,2.49,0.91,27.09,0.26,Aragonite,No Wax,7.89,0.101076095,3.944723629,221.8760755,43.97201079,0.179432322
4.3.11.3,T4.3,Scaphopod,124.7,1,12/1/2023 13:00,12/8/2023 13:00,105.12,90.78,2cone,2.85,0.98,30.8,0.21,Aragonite,No Wax,14.34,0.136415525,4.414422372,288.8227892,65.49513824,0.218947549
4.3.11.4,T4.3,Scaphopod,124.7,7,12/1/2023 13:00,12/8/2023 13:00,39.67,37.23,2cone,2.12,1,13.75,0.3,Aragonite,No Wax,2.44,0.061507436,3.077604817,98.90893245,16.17867857,0.150815778
4.3.11.5,T4.3,Scaphopod,124.7,3,12/1/2023 13:00,12/8/2023 13:00,67.87,55.44,2cone,2.82,1.91,19.28,0.21,Aragonite,No Wax,12.43,0.183144246,4.700346074,183.7549003,40.13967695,0.309668661
