"","shellID","exptID","taxon","source","pocket","dateM1","dateM2","mass1","mass2","density","shape","xDim","yDim","zDim","thick","calcX","calcY","calcSA1","calcSA2","calcZ","perimeter","polymorph","note","exclude","cMass","pMass","cTime1","cTime2","cDuration","cSize","cSA1","cDim","calcSA","calcC","calcSAPerim","finalSA","volume","densityMV"
"1","1.1.1.1","T1.1","Marginopora","E17",5,"9/4/2023 14:32","9/6/2023 14:32",33.55,29.89,2.447,"cylinder1",6.43,6.57,0.84,0.84,6.421,6.561,32.174,32.978,NA,NA,"Calcite","",0,3.66,0.109090909090909,NA,NA,NA,3.28613355096329,83.5115437936834,NA,82.2813454481391,NA,NA,83.5115437936834,27.8705481201349,1.20377969803048
"2","1.1.1.2","T1.1","Marginopora","E17",5,"9/4/2023 14:32","9/6/2023 14:32",32.58,28.4,2.463,"cylinder1",5.86,6.05,0.87,0.87,5.98,6.092,26.15,27.958,NA,NA,"Calcite","",0,4.18,0.128299570288521,NA,NA,NA,3.13610610399974,71.9655624732102,NA,70.6055083336491,NA,NA,71.9655624732102,24.2249073456289,1.34489678474988
"3","1.1.1.3","T1.1","Marginopora","E17",3,"9/4/2023 14:32","9/6/2023 14:32",35.25,26.82,2.958,"cylinder1",6.78,6.64,0.62,0.62,6.884,6.738,36.7,34.751,NA,NA,"Calcite","",0,8.43,0.239148936170213,NA,NA,NA,3.03340096724238,83.7856477527091,NA,84.717380289432,NA,NA,83.7856477527091,21.9219581385259,1.60797679556058
"4","1.1.1.4","T1.1","Marginopora","E17",10,"9/4/2023 14:32","9/6/2023 14:32",36.43,32.09,2.545,"cylinder1",6.64,6.78,0.81,0.81,6.68,6.75,34.905,34.83,NA,NA,"Calcite","",0,4.34,0.119132583035959,NA,NA,NA,3.31609983775832,87.7908642267707,NA,86.8225936817729,NA,NA,87.7908642267707,28.6399775680741,1.27199820298077
"5","1.1.1.5","T1.1","Marginopora","E17",3,"9/4/2023 14:32","9/6/2023 14:32",38.15,35.04,3.208,"cylinder1",6.83,6.8,0.86,0.86,6.858,6.9666,37.664,37.035,NA,NA,"Calcite","",0,3.11,0.0815203145478375,NA,NA,NA,3.41829355266674,91.3666249850866,NA,93.3744425734915,NA,NA,91.3666249850866,31.3702477787147,1.21612045493263
"6","1.1.2.1","T1.1","Turbo","E05",3,"9/4/2023 14:32","9/6/2023 14:32",224.04,217.88,2.726,"hemisphere",7.91,7.06,3.32,3.32,8.032,7.207,45.349,41.825,NA,NA,"Aragonite","",0,6.16,0.027495090162471,NA,NA,NA,5.70216468515051,122.348383416258,NA,125.440939039807,NA,NA,122.348383416258,91.9687750961977,2.43604418745012
"7","1.1.2.2","T1.1","Turbo","E05",10,"9/4/2023 14:32","9/6/2023 14:32",220.82,215.57,2.76,"hemisphere",8.13,7.27,2.96,2.96,8.013,7.415,44.559,44.522,NA,NA,"Aragonite","",0,5.25,0.0237750203785889,NA,NA,NA,5.59292362982675,120.367452168537,NA,118.74990570239,NA,NA,120.367452168537,82.2823213169402,2.6836870480286
"8","1.1.2.3","T1.1","Turbo","E02",7,"9/4/2023 14:32","9/6/2023 14:32",206.58,198.26,2.574,"hemisphere",7.92,7.09,3.09,3.09,8.034,7.185,45.224,43.009,NA,NA,"Aragonite","",0,8.32000000000002,0.0402749540129733,NA,NA,NA,5.57754777206168,118.200852794989,NA,120.556792165162,NA,NA,118.200852794989,83.5861267740759,2.47146276508736
"9","1.1.2.4","T1.1","Turbo","E02",3,"9/4/2023 14:32","9/6/2023 14:32",162.48,157.76,2.768,"hemisphere",7.2,6.4,2.87,2.87,7.274,6.41,37.355,35.78,NA,NA,"Aragonite","",0,4.72,0.0290497291974397,NA,NA,NA,5.09485062720911,98.2592792670626,NA,99.8522263302987,NA,NA,98.2592792670626,64.3121207410861,2.52642889283853
"11","1.1.3.1","T1.1","Halimeda","E18",6,"9/4/2023 14:32","9/6/2023 14:32",67.67,57.7,2.007,"rhombus",12.24,9.09,1.12,1.12,12.44,9.247,70.714,72.845,NA,43.09,"Aragonite","",0,9.97,0.147332643712132,NA,NA,NA,4.99483455881445,145.413020824323,7.62308500542923,191.8198,7.75017111101426,191.8198,191.8198,80.39304,0.841739533671074
"12","1.1.3.2","T1.1","Halimeda","E18",1,"9/4/2023 14:32","9/6/2023 14:32",91.64,74.67,1.513,"rhombus",13.44,8.87,1.27,1.27,13.489,8.778,84.673,83.946,NA,42.387,"Aragonite","",0,16.97,0.185181143605412,NA,NA,NA,5.3297749319172,160.114726871481,8.0515604077719,222.45049,8.0468379659342,222.45049,222.45049,107.073065,0.855864170881818
"13","1.1.3.3","T1.1","Halimeda","E18",9,"9/4/2023 14:32","9/6/2023 14:32",100.78,85.55,1.882,"rhombus",12.37,8.62,1.29,1.29,12.164,8.572,76.365,71.213,NA,40.539,"Aragonite","",0,15.23,0.151121254217107,NA,NA,NA,5.16205021887194,145.528519544278,7.53858905896853,199.87331,7.44046503922974,199.87331,199.87331,95.18781,1.05874901418575
"14","1.1.3.4","T1.1","Halimeda","E18",6,"9/4/2023 14:32","9/6/2023 14:32",71.15,61.99,1.549,"rhombus",10.5,7.2,1.06,1.06,10.501,7.108,51.859,52.59,NA,34.982,"Aragonite","",0,9.16,0.128742094167252,NA,NA,NA,4.31130969039191,102.59068906123,6.36572855217688,141.52992,6.34024181321186,141.52992,141.52992,55.35797,1.28527111814252
"15","1.1.3.5","T1.1","Halimeda","E18",9,"9/4/2023 14:32","9/6/2023 14:32",62.64,53.8,1.369,"rhombus",10.11,7.63,1.23,1.23,10.215,7.68,57.213,56.971,NA,36.589,"Aragonite","",0,8.84,0.141123882503193,NA,NA,NA,4.56100205932903,108.297800227065,6.33302850143594,159.18847,6.39000440140693,159.18847,159.18847,70.22316,0.892013404124793
"16","1.1.4.1","T1.1","Pinguitellina","E17",7,"9/4/2023 14:32","9/6/2023 14:32",54.11,49.51,2.721,"2dome",9.32,7.39,1.65,0.33,9.341,7.441,50.523,51.211,NA,NA,"Aragonite","",0,4.6,0.0850120125669932,NA,NA,NA,4.8437467857072,125.29425484753,NA,126.286339962403,NA,NA,125.29425484753,46.9797378249369,1.15177313678576
"17","1.1.4.2","T1.1","Pinguitellina","E17",4,"9/4/2023 14:32","9/6/2023 14:32",48.27,40.56,2.859,"2dome",9.8,7.52,1.75,0.34,9.905,7.726,53.898,56.49,NA,NA,"Aragonite","",0,7.71,0.159726538222498,NA,NA,NA,5.05235651219417,135.003661102714,NA,139.449061831434,NA,NA,135.003661102714,53.4517773564932,0.903056968116632
"18","1.1.4.3","T1.1","Pinguitellina","E17",8,"9/4/2023 14:32","9/6/2023 14:32",93.63,84.22,2.853,"2dome",11.68,9.43,2.15,0.43,11.841,9.764,80.639,82.141,NA,NA,"Aragonite","",0,9.41,0.100501975862437,NA,NA,NA,6.18677514074405,202.055301426812,NA,210.652464502105,NA,NA,202.055301426812,98.1972825540379,0.953488707271258
"19","1.1.4.4","T1.1","Pinguitellina","E17",5,"9/4/2023 14:32","9/6/2023 14:32",129.66,117.99,2.805,"2dome",13,9.21,2.73,0.54,12.929,9.206,81.889,82.287,NA,NA,"Aragonite","",0,11.67,0.0900046274872744,NA,NA,NA,6.88845580678189,234.899395983032,NA,233.791001254141,NA,NA,234.899395983032,139.012119700394,0.932724429204083
"20","1.1.4.5","T1.1","Pinguitellina","E17",5,"9/4/2023 14:32","9/6/2023 14:32",187.79,174.14,2.817,"2dome",14.81,11.94,3.46,0.51,14.904,12,127.116,121.212,NA,NA,"Aragonite","",0,13.65,0.072687576548272,NA,NA,NA,8.4894292770773,352.98589480543,NA,356.153562678045,NA,NA,352.98589480543,261.956058501185,0.716875956503791
"21","1.1.5.1","T1.1","Alaona","E17",2,"9/4/2023 14:32","9/6/2023 14:32",189.53,169.21,2.863,"2dome",21.65,11.33,3.13,0.34,22.013,11.631,191.356,196.326,NA,NA,"Aragonite","",0,20.32,0.107212578483617,NA,NA,NA,9.15680676389372,446.863437718898,NA,463.73175294584,NA,NA,446.863437718898,317.559063287473,0.596833855213972
"22","1.1.5.2","T1.1","Alaona","E17",11,"9/4/2023 14:32","9/6/2023 14:32",48.29,36.15,2.58,"2dome",15.22,9.4,2.18,0.2,15.471,9.688,112.539,114.959,NA,NA,"Aragonite","",0,12.14,0.251397804928557,NA,NA,NA,6.78161295642718,254.590898735733,NA,265.295951101063,NA,NA,254.590898735733,127.902830230746,0.377552239562498
"23","1.1.5.3","T1.1","Alaona","E17",1,"9/4/2023 14:32","9/6/2023 14:32",68.65,60.28,2.87,"2dome",15.7,9.82,2.59,0.21,15.996,10.065,121.037,124.237,NA,NA,"Aragonite","",0,8.37,0.121922796795339,NA,NA,NA,7.36382797975368,284.324188246368,NA,295.046035566025,NA,NA,284.324188246368,165.905923626182,0.413788721339942
"24","1.1.5.4","T1.1","Alaona","E17",11,"9/4/2023 14:32","9/6/2023 14:32",24.82,17.77,2.893,"2dome",12,7.57,1.55,0.16,12.097,7.899,74.206,74.1,NA,NA,"Aragonite","",0,7.05,0.284045124899275,NA,NA,NA,5.20239041970268,157.786491026547,NA,165.191543782713,NA,NA,157.786491026547,57.2426324918249,0.433592917019403
"25","1.1.5.5","T1.1","Alaona","E17",4,"9/4/2023 14:32","9/6/2023 14:32",277.18,252.02,2.856,"2dome",25.55,16.37,3.29,0.43,25.7,16.391,321.722,324.55,NA,NA,"Aragonite","",0,25.16,0.0907713399235154,NA,NA,NA,11.122741070624,725.000887552552,NA,729.705736710568,NA,NA,725.000887552552,559.02117537622,0.495830949182665
"26","1.1.6.1","T1.1","Calcite",NA,8,"9/4/2023 14:32","9/6/2023 14:32",503.4,495.26,2.685,"cube",11.02,8.06,2.51,2.51,10.857,7.774,NA,NA,NA,NA,"Calcite","",0,8.13999999999999,0.0161700437028208,NA,NA,NA,6.06359406591295,273.424,NA,262.332256,NA,NA,273.424,222.941212,2.25799436310591
"27","1.1.6.2","T1.1","Calcite",NA,3,"9/4/2023 14:32","9/6/2023 14:32",801.79,790.24,2.744,"cube",8.09,8.05,5.03,5.03,8.274,8.167,80.284,66.525,NA,NA,"Calcite","",0,11.55,0.0144052682123748,NA,NA,NA,6.89346321344984,292.6174,NA,300.543976,NA,NA,292.6174,327.576235,2.44764398125523
"28","1.1.6.3","T1.1","Calcite",NA,10,"9/4/2023 14:32","9/6/2023 14:32",289.06,282.68,2.702,"cube",8.95,5.2,2.53,2.53,9.085,4.655,33.897,63.892,NA,NA,"Calcite","",0,6.38,0.0220715422403653,NA,NA,NA,4.90134906627574,164.679,NA,154.10575,NA,NA,164.679,117.7462,2.45494122103304
"29","1.1.6.4","T1.1","Calcite",NA,4,"9/4/2023 14:32","9/6/2023 14:32",468.28,459.25,2.695,"cube",8.28,4.87,4.97,4.97,8.069,4.924,45.031,55.489,NA,NA,"Calcite","",0,9.02999999999997,0.0192833347569829,NA,NA,NA,5.85201228165712,211.3582,NA,208.613932,NA,NA,211.3582,200.408292,2.33662986359866
"30","1.1.6.5","T1.1","Calcite",NA,8,"9/4/2023 14:32","9/6/2023 14:32",423.28,413.08,2.706,"cube",9.25,8.35,2.29,2.29,9.087,7.994,76.293,90.654,NA,NA,"Calcite","",0,10.2,0.0240975240975241,NA,NA,NA,5.61333847424159,235.083,NA,223.513936,NA,NA,235.083,176.873875,2.39311769474152
"31","1.1.7.1","T1.1","Aragonite",NA,10,"9/4/2023 14:32","9/6/2023 14:32",149.41,143.68,2.675,"cube",5.62,4.46,2.83,2.83,5.81,4.262,26.554,25.1,NA,NA,"Aragonite","",0,5.72999999999999,0.0383508466635432,NA,NA,NA,4.13954431883163,107.1832,NA,106.53196,NA,NA,107.1832,70.934516,2.1063088666172
"32","1.1.7.2","T1.1","Aragonite",NA,8,"9/4/2023 14:32","9/6/2023 14:32",444.24,434.33,2.86,"cube",7.4,6.63,4.09,4.09,7.295,6.673,48.256,46.691,NA,NA,"Aragonite","",0,9.91000000000003,0.0223077615703224,NA,NA,NA,5.85449606878786,212.8894,NA,211.61731,NA,NA,212.8894,200.66358,2.21385465165129
"33","1.1.7.3","T1.1","Aragonite",NA,5,"9/4/2023 14:32","9/6/2023 14:32",647.36,638.35,2.842,"cube",7.89,5.85,5.44,5.44,7.679,5.452,52.797,57.038,NA,NA,"Aragonite","",0,9.00999999999999,0.0139180672268907,NA,NA,NA,6.3087587922006,241.8042,NA,226.597096,NA,NA,241.8042,251.09136,2.57818508769079
"34","1.1.7.4","T1.1","Aragonite",NA,8,"9/4/2023 14:32","9/6/2023 14:32",573.6,563.21,2.85,"cube",7.91,5.64,5.22,5.22,7.833,5.845,44.404,41.375,NA,NA,"Aragonite","",0,10.39,0.0181136680613668,NA,NA,NA,6.15236411191991,230.6868,NA,234.36609,NA,NA,230.6868,232.876728,2.46310571660042
"35","1.1.7.5","T1.1","Aragonite",NA,11,"9/4/2023 14:32","9/6/2023 14:32",349.5,338.77,2.775,"cube",9.63,4.95,3.46,3.46,9.37,5.106,48.242,50.92,NA,NA,"Aragonite","",0,10.73,0.0307010014306152,NA,NA,NA,5.48406417480168,196.2306,NA,195.86036,NA,NA,196.2306,164.93301,2.11904214929443
"36","1.1.8.1","T1.1","Liloa","E18",4,"9/4/2023 14:32","9/6/2023 14:32",26.72,19.11,2.233,"cylinder2",10.02,4.59,4.59,0.11,10,4.584,43.542,36.89,NA,NA,"Aragonite","",0,7.61,0.284805389221557,NA,NA,NA,5.95430436836214,177.581195097919,NA,99.1080999029507,NA,NA,177.581195097919,165.799407403663,0.161158597720112
"37","1.1.8.2","T1.1","Liloa","E18",9,"9/4/2023 14:32","9/6/2023 14:32",27.99,21.6,2.835,"cylinder2",9.5,3.81,3.81,0.14,9.467,4.033,32.492,26.881,NA,NA,"Aragonite","",0,6.39,0.228295819935691,NA,NA,NA,5.16643756643984,136.51178265607,NA,73.8220065412364,NA,NA,136.51178265607,108.30872365709,0.258427936872541
"40","1.1.8.5","T1.1","Liloa","E18",7,"9/4/2023 14:32","9/6/2023 14:32",86.68,79.82,1.309,"cylinder2",11.92,5.7,5.7,0.17,11.339,4.366,37.95,36.33,NA,NA,"Aragonite","",0,6.86000000000001,0.079141670512229,NA,NA,NA,7.28912372968213,264.487543913071,NA,108.124753562092,NA,NA,264.487543913071,304.169629039095,0.284972567030547
"41","1.1.9.1","T1.1","Ethalia","E17",1,"9/4/2023 14:32","9/6/2023 14:32",497.35,478.38,1.84,"sphere",12.82,11.2,9.73,0.45,13.081,11.288,122.98,125.14,NA,NA,"Aragonite","",0,18.97,0.0381421534130894,NA,NA,NA,11.1790859710399,397.607820219958,NA,405.873455560374,NA,NA,397.607820219958,731.505356174275,0.679899327875202
"42","1.1.9.2","T1.1","Ethalia","E17",6,"9/4/2023 14:32","9/6/2023 14:32",524.8,504.89,1.888,"sphere",13.94,11.98,9.66,0.45,13.972,12.096,133.33,133.592,NA,NA,"Aragonite","",0,19.91,0.0379382621951219,NA,NA,NA,11.7282236582639,441.895166016879,NA,445.579061790594,NA,NA,441.895166016879,844.686086327694,0.621295897368913
"43","1.1.9.3","T1.1","Ethalia","E17",11,"9/4/2023 14:32","9/6/2023 14:32",78.35,73.57,1.329,"sphere",8.05,6.58,5.12,0.31,7.987,6.506,41.613,43.377,NA,NA,"Aragonite","",0,4.78,0.0610082961072113,NA,NA,NA,6.47287536817851,136.157498271208,NA,134.27508003872,NA,NA,136.157498271208,142.000658148691,0.551758006064721
"44","1.1.9.4","T1.1","Ethalia","E17",2,"9/4/2023 14:32","9/6/2023 14:32",87.92,81.73,1.803,"sphere",8.22,6.7,5.24,0.21,8.055,6.74,44.59,45.372,NA,NA,"Aragonite","",0,6.19,0.0704049135577798,NA,NA,NA,6.60834390059447,141.869297687869,NA,140.115459955772,NA,NA,141.869297687869,151.104197788656,0.581850149014197
"45","1.1.9.5","T1.1","Ethalia","E17",2,"9/4/2023 14:32","9/6/2023 14:32",86.26,80.26,1.96,"sphere",7.74,6.66,5.6,0.29,7.885,6.603,42.422,43.263,NA,NA,"Aragonite","",0,6,0.069557152793879,NA,NA,NA,6.60897951307924,139.626340159546,NA,140.857755118896,NA,NA,139.626340159546,151.147803094688,0.570699661085791
"46","1.1.10.1","T1.1","Notocochlis","E18",1,"9/4/2023 14:32","9/6/2023 14:32",80.15,74.75,2.536,"sphere",6.4,5.02,5.68,0.31,6.365,5,24.864,28.105,NA,NA,"Aragonite","",0,5.40000000000001,0.067373674360574,NA,NA,NA,5.67210169819439,102.070345315132,NA,101.41480837473,NA,NA,102.070345315132,95.5499907065578,0.83882792041443
"47","1.1.10.2","T1.1","Notocochlis","E18",7,"9/4/2023 14:32","9/6/2023 14:32",41.35,37.01,2.255,"sphere",5.55,4.16,5.02,0.21,5.527,4.431,19.309,21.18,NA,NA,"Aragonite","",0,4.34,0.104957678355502,NA,NA,NA,4.87562180102845,75.7378298520081,NA,78.3096018263532,NA,NA,75.7378298520081,60.6860196256879,0.681376044351686
"48","1.1.10.3","T1.1","Notocochlis","E18",4,"9/4/2023 14:32","9/6/2023 14:32",162.96,153.73,2.767,"sphere",8.41,6.01,7.81,0.28,8.524,6.525,43.417,46.767,NA,NA,"Aragonite","",0,9.23000000000002,0.0566396661757488,NA,NA,NA,7.33568206836909,172.498883582574,NA,182.398733533485,NA,NA,172.498883582574,206.690313503737,0.788425917197389
"49","1.1.10.4","T1.1","Notocochlis","E18",1,"9/4/2023 14:32","9/6/2023 14:32",147.58,137.41,2.772,"sphere",8.18,6.38,7.63,0.25,8.24,6.633,43.875,47.898,NA,NA,"Aragonite","",0,10.17,0.0689117766635046,NA,NA,NA,7.35697883741722,171.878663379585,NA,176.761713795822,NA,NA,171.878663379585,208.495719257513,0.707832278406271
"50","1.1.10.5","T1.1","Notocochlis","E18",10,"9/4/2023 14:32","9/6/2023 14:32",63.4,55.64,2.686,"sphere",5.87,4.3,5.12,0.23,5.773,4.805,21.482,23.809,NA,NA,"Aragonite","",0,7.76,0.122397476340694,NA,NA,NA,5.05582662440254,81.6060456762335,NA,86.0193215256748,NA,NA,81.6060456762335,67.6667222777685,0.936945042789958
"51","1.1.11.1","T1.1","Fustiaria","E18",9,"9/4/2023 14:32","9/6/2023 14:32",96.72,84.27,2.863,"2cone",3.4,3.4,15.59,0.2,3.524,2.677,48.85,49.342,15.667,NA,"Aragonite","",0,12.45,0.128722084367246,NA,NA,NA,5.64851972602622,185.668775001965,NA,193.202371993324,NA,NA,185.668775001965,47.1815903889178,2.04995209366062
"52","1.1.11.2","T1.1","Fustiaria","E18",2,"9/4/2023 14:32","9/6/2023 14:32",130.35,116.04,2.889,"2cone",3.38,3.38,23.19,0.18,3.537,2.296,73.015,68.449,24.408,NA,"Aragonite","",0,14.31,0.109781357882624,NA,NA,NA,6.42260751408851,264.843380182079,NA,278.08241864782,NA,NA,264.843380182079,69.3589924733047,1.87935255908122
"53","1.1.11.3","T1.1","Fustiaria","E18",2,"9/4/2023 14:32","9/6/2023 14:32",36.17,28.76,2.696,"2cone",2.35,2.35,20.26,0.14,2.465,1.006,34.957,36.204,20.144,NA,"Aragonite","",0,7.41,0.204865910975947,NA,NA,NA,4.81864636609598,158.500429207104,NA,166.728524523325,NA,NA,158.500429207104,29.2916470333875,1.23482301827454
"54","1.1.11.4","T1.1","Fustiaria","E18",7,"9/4/2023 14:32","9/6/2023 14:32",260.29,245.38,2.817,"2cone",3.48,3.48,30.67,0.48,3.464,1.673,91.921,NA,31.085,NA,"Aragonite","",0,14.91,0.0572822620922818,NA,NA,NA,7.18826514369829,354.869363580646,NA,353.14580055232,NA,NA,354.869363580646,97.2390910351065,2.67680412506146
"55","1.1.11.5","T1.1","Fustiaria","E18",1,"9/4/2023 14:32","9/6/2023 14:32",116.9,103.59,1.567,"2cone",3.06,3.06,21.35,0.23,3.071,1.926,53.262,55.214,21.672,NA,"Aragonite","",0,13.31,0.113857998289136,NA,NA,NA,5.84718602335919,220.478042251785,NA,221.327473150015,NA,NA,220.478042251785,52.3370643611771,2.2335987206557
"56","1.2.1.1","T1.2","Marginopora","E17",7,"8/21/2023 15:03","8/23/2023 15:02",62.87,56.23,2.908,"cylinder1",7.52,7.68,1.07,1.07,7.512,7.982,44.68,44.322,NA,NA,"Calcite","",0,6.64,0.105614760617147,NA,NA,NA,3.95355343324276,116.266574198174,NA,115.043572567475,NA,NA,116.266574198174,48.5347413654622,1.29536077109373
"57","1.2.1.2","T1.2","Marginopora","E17",11,"8/21/2023 15:03","8/23/2023 15:02",22.71,18.81,2.585,"cylinder1",6.13,5.99,0.59,0.59,6.104,6.01,27.601,28.369,NA,NA,"Calcite","",0,3.9,0.171730515191546,NA,NA,NA,2.78770257464574,68.9100494583287,NA,67.1968897546481,NA,NA,68.9100494583287,17.0148917299817,1.3347131654081
"58","1.2.1.3","T1.2","Marginopora","E17",4,"8/21/2023 15:03","8/23/2023 15:02",95.29,84.99,2.672,"cylinder1",10.86,11,0.76,0.76,10.572,11.048,94.51,95.62,NA,NA,"Calcite","",0,10.3,0.108091090355756,NA,NA,NA,4.49447222483756,213.743911053758,NA,215.940068604832,NA,NA,213.743911053758,71.305985095589,1.3363534613856
"59","1.2.1.4","T1.2","Marginopora","E17",2,"8/21/2023 15:03","8/23/2023 15:02",40.24,35.75,2.951,"cylinder1",7.47,7.38,0.7,0.7,7.81,7.429,46.178,46.647,NA,NA,"Calcite","",0,4.49,0.111580516898608,NA,NA,NA,3.3792864056144,102.924230198378,NA,109.581155656819,NA,NA,102.924230198378,30.3085308334708,1.32767900302055
"60","1.2.1.5","T1.2","Marginopora","E17",10,"8/21/2023 15:03","8/23/2023 15:02",25.81,22.38,2.78,"cylinder1",6.96,7.05,0.47,0.47,6.857,7.241,40.211,40.124,NA,NA,"Calcite","",0,3.43,0.132894227043781,NA,NA,NA,2.84641840023671,87.4190567362184,NA,90.7431907091226,NA,NA,87.4190567362184,18.1128210283454,1.42495749058686
"61","1.2.2.1","T1.2","Turbo","E02",9,"8/21/2023 15:03","8/23/2023 15:02",153.16,148.05,2.857,"hemisphere",6.99,6.35,2.64,2.64,7.082,6.221,36.324,35.458,NA,NA,"Aragonite","",0,5.10999999999999,0.0333638025594149,NA,NA,NA,4.89348516400271,91.6177953177411,NA,92.8220268618367,NA,NA,91.6177953177411,55.650703194848,2.75216648141436
"62","1.2.2.2","T1.2","Turbo","E02",4,"8/21/2023 15:03","8/23/2023 15:02",150.6,146.87,2.837,"hemisphere",6.37,6.23,2.91,2.91,6.723,6.327,34.199,32.6,NA,NA,"Aragonite","",0,3.72999999999999,0.0247675962815404,NA,NA,NA,4.8697517536673,88.9405300583519,NA,94.2103476807644,NA,NA,88.9405300583519,58.252930335609,2.58527766985038
"63","1.2.2.3","T1.2","Turbo","E02",2,"8/21/2023 15:03","8/23/2023 15:02",245.1,240.02,2.8,"hemisphere",8.38,7.46,3.32,3.32,8.613,7.56,51.222,50.256,NA,NA,"Aragonite","",0,5.07999999999998,0.0207262341901264,NA,NA,NA,5.92070800516902,132.825909075246,NA,136.990526787875,NA,NA,132.825909075246,100.665121393157,2.43480558715803
"64","1.2.2.4","T1.2","Turbo","E02",10,"8/21/2023 15:03","8/23/2023 15:02",173.85,169.72,2.994,"hemisphere",7.67,6.65,2.77,2.77,7.752,6.699,41.901,39.444,NA,NA,"Aragonite","",0,4.13,0.0237561115904515,NA,NA,NA,5.20833518990156,104.224378318066,NA,106.792361834968,NA,NA,104.224378318066,66.6111153375367,2.60992477185008
"65","1.2.2.5","T1.2","Turbo","E06",7,"8/21/2023 15:03","8/23/2023 15:02",99.96,96.32,2.976,"hemisphere",6.07,5.62,2.32,2.32,6.223,5.742,28.554,26.952,NA,NA,"Aragonite","",0,3.64,0.0364145658263305,NA,NA,NA,4.29342944587206,70.4945117131667,NA,73.5275214687435,NA,NA,70.4945117131667,37.6176838558916,2.65726088780303
"66","1.2.3.1","T1.2","Halimeda","E18",4,"8/21/2023 15:03","8/23/2023 15:02",71.15,61.62,2.399,"rhombus",10.77,7.89,0.71,0.71,11.005,8,69.661,69.251,NA,47.098,"Aragonite","",0,9.53000000000001,0.133942375263528,NA,NA,NA,3.92208515245582,103.933496591448,6.67542133501699,172.35158,6.80275725349656,172.35158,172.35158,49.31376,1.44280217123983
"67","1.2.3.2","T1.2","Halimeda","E18",5,"8/21/2023 15:03","8/23/2023 15:02",56.99,49.35,2.413,"rhombus",9.99,8.02,0.95,0.95,10.048,8.423,59.374,59.275,NA,42.176,"Aragonite","",0,7.64,0.134058606773118,NA,NA,NA,4.23793691164223,104.460609456548,6.40547617277592,158.7162,6.55570806625798,158.7162,158.7162,56.358275,1.01120909041308
"68","1.2.3.3","T1.2","Halimeda","E18",3,"8/21/2023 15:03","8/23/2023 15:02",49.52,42.91,2.278,"rhombus",9.91,8.02,0.9,0.9,9.954,8.039,55.745,54.978,NA,40.918,"Aragonite","",0,6.61000000000001,0.133481421647819,NA,NA,NA,4.15110301159447,102.425799874497,6.3743332984713,147.5492,6.39741426280962,147.5492,147.5492,49.82535,0.993871593476012
"69","1.2.3.4","T1.2","Halimeda","E18",5,"8/21/2023 15:03","8/23/2023 15:02",64.71,57.17,2.16,"rhombus",10.48,7.46,0.94,0.94,10.527,7.464,57.529,57.3,NA,37.606,"Aragonite","",0,7.53999999999999,0.116519857827229,NA,NA,NA,4.18866847261424,102.365083756192,6.4319903606893,150.17864,6.4523062737288,150.17864,150.17864,53.96963,1.19900766412518
"70","1.2.3.5","T1.2","Halimeda","E18",4,"8/21/2023 15:03","8/23/2023 15:02",61.96,57.34,2.97,"rhombus",10.43,7.8,0.94,0.94,10.431,7.751,58.348,58.424,NA,39.974,"Aragonite","",0,4.62,0.0745642349903163,NA,NA,NA,4.24458845262658,105.83914338451,6.5120062192845,154.34756,6.4977642693468,154.34756,154.34756,54.88284,1.12895032399927
"71","1.2.4.1","T1.2","Pinguitellina","E17",6,"8/21/2023 15:03","8/23/2023 15:02",67.32,58.58,2.721,"2dome",10.75,8.65,1.65,0.27,10.674,8.71,66.957,79.957,NA,NA,"Aragonite","",0,8.73999999999999,0.129827688651218,NA,NA,NA,5.35347984514792,163.170395436637,NA,163.143754730934,NA,NA,163.170395436637,62.6036458179437,1.07533673351504
"72","1.2.4.2","T1.2","Pinguitellina","E17",8,"8/21/2023 15:03","8/23/2023 15:02",98.14,90.52,2.808,"2dome",11.4,9.16,2.65,0.37,11.497,9.283,72.601,75.521,NA,NA,"Aragonite","",0,7.62,0.077644181781129,NA,NA,NA,6.51651500560246,208.152504448899,NA,211.769500181589,NA,NA,208.152504448899,118.413080468709,0.828793572564259
"73","1.2.4.3","T1.2","Pinguitellina","E17",9,"8/21/2023 15:03","8/23/2023 15:02",31.9,25.27,2.7,"2dome",8.38,6.97,1.68,0.26,8.614,7.178,39.694,39.55,NA,NA,"Aragonite","",0,6.63,0.207836990595611,NA,NA,NA,4.61241836651669,109.481676544216,NA,114.858028565566,NA,NA,109.481676544216,41.0168787294953,0.777728608029373
"74","1.2.4.4","T1.2","Pinguitellina","E17",9,"8/21/2023 15:03","8/23/2023 15:02",26.14,21.81,2.725,"2dome",8.05,6.36,1.88,0.26,8.039,6.316,35.795,35.703,NA,NA,"Aragonite","",0,4.33,0.165646518745218,NA,NA,NA,4.58286377852648,102.628920488941,NA,101.963411784389,NA,NA,102.628920488941,41.2773083828975,0.633277726287759
"75","1.2.4.5","T1.2","Pinguitellina","E17",6,"8/21/2023 15:03","8/23/2023 15:02",49.86,41.59,2.74,"2dome",10.4,7.55,2.77,0.3,10.481,7.751,60.736,55.802,NA,NA,"Aragonite","",0,8.27,0.165864420377056,NA,NA,NA,6.01386054880137,171.549180123394,NA,175.818967393574,NA,NA,171.549180123394,96.5407406445535,0.516465894782971
"76","1.2.5.1","T1.2","Alaona","E17",3,"8/21/2023 15:03","8/23/2023 15:02",45.79,35,2.868,"2dome",14.11,8.76,1.65,0.14,14.38,8.666,95.589,85.436,NA,NA,"Aragonite","",0,10.79,0.235640969644027,NA,NA,NA,5.88624527334046,211.262052857422,NA,212.854023518702,NA,NA,211.262052857422,82.4414545040176,0.555424455760524
"78","1.2.5.3","T1.2","Alaona","E17",11,"8/21/2023 15:03","8/23/2023 15:02",165.04,118.02,2.755,"2dome",31.07,13.91,2.45,0.16,30.977,14.094,341.87,329.646,NA,NA,"Aragonite","",0,47.02,0.284900630150267,NA,NA,NA,10.1924398194554,716.587388266973,NA,723.508533652724,NA,NA,716.587388266973,423.50955722593,0.389696046249922
"80","1.2.5.5","T1.2","Alaona","E17",2,"8/21/2023 15:03","8/23/2023 15:02",55.07,44.77,2.772,"2dome",14.38,8.93,1.72,0.17,14.386,8.794,99.414,93.636,NA,NA,"Aragonite","",0,10.3,0.187034683130561,NA,NA,NA,6.04476744487329,220.299472444004,NA,217.310378981005,NA,NA,220.299472444004,89.4001628659304,0.615994403529064
"81","1.2.6.1","T1.2","Calcite",NA,8,"8/21/2023 15:03","8/23/2023 15:02",671.9,660.5,2.665,"cube",12.05,7.52,2.74,2.74,12.051,7.882,97.749,98.863,NA,NA,"Calcite","",0,11.4,0.0169668105372823,NA,NA,NA,6.28519105050354,288.4756,NA,299.204804,NA,NA,288.4756,248.28784,2.70613333298965
"82","1.2.6.2","T1.2","Calcite",NA,9,"8/21/2023 15:03","8/23/2023 15:02",1156.59,1144.46,2.712,"cube",11.96,5.53,5.41,5.41,12.056,6.342,110.793,118.49,NA,NA,"Calcite","",0,12.1299999999999,0.010487726852212,NA,NA,NA,7.09933808548637,321.5194,NA,351.984664,NA,NA,321.5194,357.810908,3.23240564818108
"83","1.2.6.3","T1.2","Calcite",NA,5,"8/21/2023 15:03","8/23/2023 15:02",1144.43,1129.9,2.749,"cube",12.13,6.19,5.75,5.75,12.133,6.138,87.378,130.372,NA,NA,"Calcite","",0,14.53,0.012696276749124,NA,NA,NA,7.55799206329755,360.8494,NA,359.061208,NA,NA,360.8494,431.737025,2.65075713624515
"84","1.2.6.4","T1.2","Calcite",NA,11,"8/21/2023 15:03","8/23/2023 15:02",456.8,447.75,2.687,"cube",12.07,7.57,2.14,2.14,11.494,7.466,103.669,NA,NA,NA,"Calcite","",0,9.05000000000001,0.0198117338003503,NA,NA,NA,5.80415463324693,266.799,NA,252.777208,NA,NA,266.799,195.531586,2.3361954421011
"85","1.2.6.5","T1.2","Calcite",NA,9,"8/21/2023 15:03","8/23/2023 15:02",507.03,498.04,2.697,"cube",11.64,5.95,2.94,2.94,11.578,5.831,58.08,85.304,NA,NA,"Calcite","",0,8.98999999999995,0.0177307062698459,NA,NA,NA,5.88309361018667,241.9452,NA,237.387556,NA,NA,241.9452,203.61852,2.49009765909309
"86","1.2.7.1","T1.2","Aragonite",NA,5,"8/21/2023 15:03","8/23/2023 15:02",372.72,362.46,2.835,"cube",5.79,5.3,4.81,4.81,5.912,5.174,33.731,32.603,NA,NA,"Aragonite","",0,10.26,0.027527366387637,NA,NA,NA,5.28485614125265,168.0598,NA,167.824696,NA,NA,168.0598,147.60447,2.52512677969712
"87","1.2.7.2","T1.2","Aragonite",NA,3,"8/21/2023 15:03","8/23/2023 15:02",381.08,372.76,2.829,"cube",5.64,6.01,4.43,4.43,5.418,6.001,35.288,34.527,NA,NA,"Aragonite","",0,8.31999999999999,0.0218326860501732,NA,NA,NA,5.31519375783918,171.0118,NA,166.199176,NA,NA,171.0118,150.161052,2.53780853906111
"88","1.2.7.3","T1.2","Aragonite",NA,6,"8/21/2023 15:03","8/23/2023 15:02",281.77,274.75,2.851,"cube",5.85,5.32,4.08,4.08,5.714,5.333,29.883,31.975,NA,NA,"Aragonite","",0,7.01999999999998,0.0249139368988891,NA,NA,NA,5.02623226629096,153.3912,NA,151.089044,NA,NA,153.3912,126.97776,2.21905001316766
"89","1.2.7.4","T1.2","Aragonite",NA,3,"8/21/2023 15:03","8/23/2023 15:02",408.54,400.55,2.847,"cube",7.11,5.1,4.33,4.33,7.058,5.334,36.968,38.911,NA,NA,"Aragonite","",0,7.99000000000001,0.0195574484750575,NA,NA,NA,5.39480673555251,178.2606,NA,182.609464,NA,NA,178.2606,157.01013,2.6019977182364
"90","1.2.7.5","T1.2","Aragonite",NA,8,"8/21/2023 15:03","8/23/2023 15:02",362.74,354.76,2.82,"cube",6.1,4.97,4.96,4.96,6.197,4.81,29.976,30.742,NA,NA,"Aragonite","",0,7.98000000000002,0.0219992280972598,NA,NA,NA,5.31768531411211,170.4484,NA,168.80458,NA,NA,170.4484,150.37232,2.41227906838173
"91","1.2.8.1","T1.2","Liloa","E18",10,"8/21/2023 15:03","8/23/2023 15:02",42.99,31.51,2.441,"cylinder2",9.41,4.59,4.59,0.19,9.622,4.666,39.736,39.579,NA,NA,"Aragonite","",0,11.48,0.267038846243312,NA,NA,NA,5.83093676319093,168.785049827133,NA,101.481981559783,NA,NA,168.785049827133,155.705830705436,0.27609756041396
"92","1.2.8.2","T1.2","Liloa","E18",2,"8/21/2023 15:03","8/23/2023 15:02",40.11,31.86,2.538,"cylinder2",9.4,4.01,4.01,0.15,9.362,4.207,38.38,34.74,NA,NA,"Aragonite","",0,8.25,0.205684367988033,NA,NA,NA,5.32687124460708,143.677755498908,NA,80.8001749752431,NA,NA,143.677755498908,118.715241468125,0.337867315973658
"94","1.2.8.4","T1.2","Liloa","E18",1,"8/21/2023 15:03","8/23/2023 15:02",32.47,25.94,2.997,"cylinder2",10.06,4.32,4.32,0.2,10.239,4.36,42.534,45.21,NA,NA,"Aragonite","",0,6.53,0.201108715737604,NA,NA,NA,5.72605029197635,165.845932820067,NA,89.0327358027347,NA,NA,165.845932820067,147.453591726961,0.22020487680032
"95","1.2.8.5","T1.2","Liloa","E18",1,"8/21/2023 15:03","8/23/2023 15:02",46.1,37.46,2.791,"cylinder2",10.28,4.73,4.73,0.13,10.523,4.55,48.896,42.757,NA,NA,"Aragonite","",0,8.64,0.187418655097614,NA,NA,NA,6.12686717584908,187.901326964961,NA,100.131197249704,NA,NA,187.901326964961,180.636403378313,0.255208801425543
"96","1.2.9.1","T1.2","Ethalia","E18",2,"8/21/2023 15:03","8/23/2023 15:02",43.72,38.94,2.301,"sphere",6.39,5.46,4.41,0.2,6.179,5.193,27.529,28.118,NA,NA,"Aragonite","",0,4.78,0.109332113449222,NA,NA,NA,5.35850980980112,92.2886824289152,NA,86.9423633352015,NA,NA,92.2886824289152,80.5620878051944,0.542687027994091
"97","1.2.9.2","T1.2","Ethalia","E18",10,"8/21/2023 15:03","8/23/2023 15:02",554.2,535.91,1.624,"sphere",13.61,11.88,10.81,0.37,14.451,11.331,142.673,140.189,NA,NA,"Aragonite","",0,18.2900000000001,0.0330025261638399,NA,NA,NA,12.0457381966245,459.960580412082,NA,467.390259938526,NA,NA,459.960580412082,915.1639036175,0.60557458375416
"98","1.2.9.3","T1.2","Ethalia","E18",1,"8/21/2023 15:03","8/23/2023 15:02",224.96,214.88,1.413,"sphere",10.33,8.92,7.88,0.29,10.779,8.662,80.551,78.587,NA,NA,"Aragonite","",0,10.08,0.0448079658605975,NA,NA,NA,8.98801519160236,256.925346423445,NA,260.555680485878,NA,NA,256.925346423445,380.180655977049,0.591718690741542
"99","1.2.9.4","T1.2","Ethalia","E18",8,"8/21/2023 15:03","8/23/2023 15:02",72.7,65.95,2.633,"sphere",7.51,6.37,5.88,0.26,7.588,6.357,41.12,40.879,NA,NA,"Aragonite","",0,6.75,0.0928473177441541,NA,NA,NA,6.55217615860655,136.2954141887,NA,137.193569348423,NA,NA,136.2954141887,147.28391430774,0.493604480446507
"100","1.2.9.5","T1.2","Ethalia","E18",5,"8/21/2023 15:03","8/23/2023 15:02",144.79,126.94,1.7,"sphere",9.66,7.83,6.02,0.31,9.648,7.868,62.803,62.376,NA,NA,"Aragonite","",0,17.85,0.123281994612888,NA,NA,NA,7.6932845029592,192.935711739046,NA,193.362687690991,NA,NA,192.935711739046,238.415234003073,0.607301796822823
"101","1.2.10.1","T1.2","Notocochlis","E18",11,"8/21/2023 15:03","8/23/2023 15:02",40.7,35.25,2.611,"sphere",5.74,4.33,5.58,0.23,5.403,4.51,21.066,23.642,NA,NA,"Aragonite","",0,5.45,0.133906633906634,NA,NA,NA,5.17620334685218,85.4940807443162,NA,83.7873403730177,NA,NA,85.4940807443162,72.6160480816918,0.560482167167968
"102","1.2.10.2","T1.2","Notocochlis","E18",7,"8/21/2023 15:03","8/23/2023 15:02",32.27,27.49,2.521,"sphere",5.61,3.88,5.42,0.22,5.509,4.358,20.019,20.218,NA,NA,"Aragonite","",0,4.78,0.148125193678339,NA,NA,NA,4.90453635156063,77.6001659770561,NA,81.5740255167106,NA,NA,77.6001659770561,61.7721184715163,0.522403971216885
"103","1.2.10.3","T1.2","Notocochlis","E19",8,"8/21/2023 15:03","8/23/2023 15:02",46.87,43.91,1.914,"sphere",5.54,4.32,5.26,0.22,5.551,4.499,19.217,22.212,NA,NA,"Aragonite","",0,2.96,0.0631534030296565,NA,NA,NA,5.01179253867409,79.8014799494265,NA,81.8196739766776,NA,NA,79.8014799494265,65.914031925121,0.711077727019412
"104","1.2.10.4","T1.2","Notocochlis","E19",5,"8/21/2023 15:03","8/23/2023 15:02",109.32,102.23,2.297,"sphere",7.64,5.41,7.37,0.28,7.428,5.363,35.242,39.686,NA,NA,"Aragonite","",0,7.08999999999999,0.0648554701792901,NA,NA,NA,6.72851725557367,145.552221662258,NA,141.883372372023,NA,NA,145.552221662258,159.498548019813,0.68539808893069
"105","1.2.10.5","T1.2","Notocochlis","E19",11,"8/21/2023 15:03","8/23/2023 15:02",117.94,109.98,2.371,"sphere",8,5.54,7.83,0.22,7.836,5.968,44.017,42.656,NA,NA,"Aragonite","",0,7.95999999999999,0.0674919450568085,NA,NA,NA,7.02727859283835,159.410310456018,NA,163.373274603284,NA,NA,159.410310456018,181.702179261265,0.64908412479972
"106","1.2.11.1","T1.2","Fustiaria","E19",1,"8/21/2023 15:03","8/23/2023 15:02",118.49,102.33,2.668,"2cone",3.59,3.59,16.25,0.35,3.809,3.213,61.086,61.487,16.673,NA,"Aragonite","",0,16.16,0.136382817115368,NA,NA,NA,5.93855460491621,204.63197518635,NA,218.573604472494,NA,NA,204.63197518635,54.829071210781,2.16107983198339
"107","1.2.11.2","T1.2","Fustiaria","E19",1,"8/21/2023 15:03","8/23/2023 15:02",143.63,126.46,2.819,"2cone",3.13,3.13,33.53,0.18,3.071,1.115,72.996,63.582,34.038,NA,"Aragonite","",0,17.17,0.119543270904407,NA,NA,NA,6.89986737125171,345.454568726455,NA,338.645049408817,NA,NA,345.454568726455,85.9984958207077,1.67014549067747
"108","1.2.11.3","T1.2","Fustiaria","E19",7,"8/21/2023 15:03","8/23/2023 15:02",299.66,278.48,1.969,"2cone",3.65,3.65,44.69,0.23,3.676,1.065,103.839,120.728,45.714,NA,"Aragonite","",0,21.18,0.0706801041180004,NA,NA,NA,8.41263463815303,533.805932640311,NA,537.764663822116,NA,NA,533.805932640311,155.870780551312,1.92248989156344
"109","1.2.11.4","T1.2","Fustiaria","E19",7,"8/21/2023 15:03","8/23/2023 15:02",163.64,144.07,2.809,"2cone",3.05,3.05,35.36,0.24,3.194,1.151,93.411,82.223,36.405,NA,"Aragonite","",0,19.57,0.119591786849181,NA,NA,NA,6.90299107176697,353.741770037523,NA,371.197349471435,NA,NA,353.741770037523,86.1153481448561,1.90024198386492
"110","1.2.11.5","T1.2","Fustiaria","E19",3,"8/21/2023 15:03","8/23/2023 15:02",106.49,91.64,2.791,"2cone",3.29,3.29,25.99,0.16,3.275,1.443,65.775,67.042,26.225,NA,"Aragonite","",0,14.85,0.13944971358813,NA,NA,NA,6.55238426107316,286.168469020651,NA,284.781720936634,NA,NA,286.168469020651,73.6489741628613,1.44591287537172
"111","1.3.1.1","T1.3","Marginopora","E17",3,"8/28/2023 16:32","8/30/2023 16:32",47.97,44.12,2.657,"cylinder1",7.46,7.32,1.07,1.07,7.537,7.247,43.848,44.189,NA,NA,"Calcite","",0,3.85,0.0802584948926413,NA,NA,NA,3.88041250441219,110.618304766285,NA,112.885238598009,NA,NA,110.618304766285,45.8905822094565,1.04531251708798
"112","1.3.1.2","T1.3","Marginopora","E17",11,"8/28/2023 16:32","8/30/2023 16:32",73.58,67.65,2.727,"cylinder1",7.63,7.84,1.21,1.21,7.729,7.826,46.874,45.353,NA,NA,"Calcite","",0,5.92999999999999,0.080592552324001,NA,NA,NA,4.16749726659168,123.367044834185,NA,121.791821604586,NA,NA,123.367044834185,56.8480866772446,1.29432676279416
"113","1.3.1.3","T1.3","Marginopora","E17",3,"8/28/2023 16:32","8/30/2023 16:32",24.87,21.35,2.282,"cylinder1",6.54,6.62,0.64,0.64,6.57,6.673,35.509,35.321,NA,NA,"Calcite","",0,3.52,0.141535987133092,NA,NA,NA,3.02602076518035,81.237187792117,NA,84.1433156836767,NA,NA,81.237187792117,21.7623400989823,1.14279989591574
"114","1.3.1.4","T1.3","Marginopora","E17",4,"8/28/2023 16:32","8/30/2023 16:32",41.3,38.7,2.342,"cylinder1",6.05,5.86,1.01,1.01,6.184,5.993,29.428,29.776,NA,NA,"Calcite","",0,2.59999999999999,0.0629539951573849,NA,NA,NA,3.29603226837498,74.584708268508,NA,78.5228627400953,NA,NA,74.584708268508,28.123168297799,1.46854008633274
"115","1.3.1.5","T1.3","Marginopora","E17",5,"8/28/2023 16:32","8/30/2023 16:32",32.2,28.08,2.405,"cylinder1",6.73,7.01,0.76,0.76,6.634,7.103,39.017,40.081,NA,NA,"Calcite","",0,4.12,0.127950310559006,NA,NA,NA,3.29748041529706,90.5088131110239,NA,95.4973021472979,NA,NA,90.5088131110239,28.1602532282783,1.14345562658737
"116","1.3.2.1","T1.3","Turbo","E06",6,"8/28/2023 16:32","8/30/2023 16:32",132.88,128.08,2.684,"hemisphere",6.76,6.1,2.71,2.71,6.887,6.038,32.348,30.604,NA,NA,"Aragonite","",0,4.79999999999998,0.0361228175797711,NA,NA,NA,4.81668901357086,87.8455279389431,NA,88.0799369268883,NA,NA,87.8455279389431,54.3048799831681,2.44692558092728
"117","1.3.2.2","T1.3","Turbo","E06",5,"8/28/2023 16:32","8/30/2023 16:32",92.01,89.04,2.843,"hemisphere",6.34,5.58,2.23,2.23,6.44,5.7,29.156,28.638,NA,NA,"Aragonite","",0,2.97,0.0322791000978154,NA,NA,NA,4.28886892117064,71.1932019193251,NA,73.6092218890302,NA,NA,71.1932019193251,36.7869682184661,2.50115746026098
"118","1.3.2.3","T1.3","Turbo","E06",8,"8/28/2023 16:32","8/30/2023 16:32",143.77,139.96,2.723,"hemisphere",6.79,6.39,2.7,2.7,6.887,6.321,36.161,33.574,NA,NA,"Aragonite","",0,3.81,0.026500660777631,NA,NA,NA,4.89303285831685,91.0560785512793,NA,93.2537342781521,NA,NA,91.0560785512793,56.3098556720628,2.55319425496821
"119","1.3.2.4","T1.3","Turbo","E06",8,"8/28/2023 16:32","8/30/2023 16:32",89.88,86.5,2.605,"hemisphere",6.27,5.59,2.36,2.36,6.321,5.475,28.216,26.653,NA,NA,"Aragonite","",0,3.38,0.0376056964842011,NA,NA,NA,4.35709588329338,72.5527261401661,NA,72.8940617482568,NA,NA,72.5527261401661,39.3649502488227,2.28324942447217
"120","1.3.2.5","T1.3","Turbo","E06",4,"8/28/2023 16:32","8/30/2023 16:32",193.42,188.32,2.696,"hemisphere",7.65,6.84,2.96,2.96,7.679,6.948,41.506,40.602,NA,NA,"Aragonite","",0,5.09999999999999,0.0263674904353221,NA,NA,NA,5.37035608262666,109.718866789562,NA,110.935269900965,NA,NA,109.718866789562,74.4023681364985,2.59964843652761
"121","1.3.3.1","T1.3","Halimeda","E18",7,"8/28/2023 16:32","8/30/2023 16:32",59.52,49.96,1.658,"rhombus",11.28,8.75,0.9,0.9,11.509,9.057,74.703,74.035,NA,54.372,"Aragonite","",0,9.56,0.160618279569892,NA,NA,NA,4.4619005620924,124.396593470731,7.13794263075853,197.6728,7.32267591116799,197.6728,197.6728,66.9321,0.889259413644574
"122","1.3.3.2","T1.3","Halimeda","E18",7,"8/28/2023 16:32","8/30/2023 16:32",55.79,48.77,2.137,"rhombus",10.15,8.62,0.95,0.95,10.472,8.68,59.037,58.182,NA,41.769,"Aragonite","",0,7.02,0.125829001613192,NA,NA,NA,4.36414298423961,112.794187897014,6.65820734131943,156.89955,6.80083053751525,156.89955,156.89955,55.679025,1.00199312038959
"123","1.3.3.3","T1.3","Halimeda","E18",4,"8/28/2023 16:32","8/30/2023 16:32",76.65,70.29,2.168,"rhombus",10.65,7.37,1.26,1.26,10.755,7.359,57.593,51.084,NA,44.555,"Aragonite","",0,6.36,0.0829745596868884,NA,NA,NA,4.62447618124041,111.128090072798,6.47571231603134,164.8163,6.51584426609476,164.8163,164.8163,68.46651,1.11952544389951
"124","1.3.3.4","T1.3","Halimeda","E18",11,"8/28/2023 16:32","8/30/2023 16:32",51.78,46.78,2.039,"rhombus",9.96,7.28,0.93,0.93,10.096,7.406,53.388,52.899,NA,38.273,"Aragonite","",0,5,0.0965623792970259,NA,NA,NA,4.0702825256087,95.4555017237772,6.16846820531645,141.88089,6.26055213220048,141.88089,141.88089,49.423455,1.04768070139977
"125","1.3.3.5","T1.3","Halimeda","E18",3,"8/28/2023 16:32","8/30/2023 16:32",56.03,51.5,1.583,"rhombus",11.27,7.57,1.03,1.03,11.442,7.501,64.126,63.405,NA,45.92,"Aragonite","",0,4.53,0.0808495448866679,NA,NA,NA,4.44582475860847,113.281220502329,6.78818458794397,174.8286,6.84076686125174,174.8286,174.8286,65.678465,0.853095455260716
"126","1.3.4.1","T1.3","Pinguitellina","E17",2,"8/28/2023 16:32","8/30/2023 16:32",69.75,64.67,2.246,"2dome",10.59,8.2,1.81,0.37,10.667,8.286,62.656,62.829,NA,NA,"Aragonite","",0,5.08,0.072831541218638,NA,NA,NA,5.39671473696406,156.989154811066,NA,159.421944471746,NA,NA,156.989154811066,64.8279822975774,1.07592427726393
"127","1.3.4.2","T1.3","Pinguitellina","E17",8,"8/28/2023 16:32","8/30/2023 16:32",32.15,27.01,2.149,"2dome",8.53,6.96,1.58,0.26,8.622,6.863,43.553,43.949,NA,NA,"Aragonite","",0,5.14,0.159875583203732,NA,NA,NA,4.54365260726155,108.941636767064,NA,108.633738695864,NA,NA,108.941636767064,38.9014726554349,0.826446861916122
"128","1.3.4.3","T1.3","Pinguitellina","E17",11,"8/28/2023 16:32","8/30/2023 16:32",51.33,33.2,2.317,"2dome",9.8,7.33,2.3,0.33,9.714,7.334,50.936,54.747,NA,NA,"Aragonite","",0,18.13,0.353204753555426,NA,NA,NA,5.48722323450247,146.074633613965,NA,145.145469887554,NA,NA,146.074633613965,71.2516617226206,0.720404251059088
"129","1.3.4.4","T1.3","Pinguitellina","E17",10,"8/28/2023 16:32","8/30/2023 16:32",59.2,54.99,2.749,"2dome",9.11,7.49,2.21,0.36,9.072,7.628,48.52,49.612,NA,NA,"Aragonite","",0,4.21,0.0711148648648649,NA,NA,NA,5.322685706993,137.869264841686,NA,139.388721261336,NA,NA,137.869264841686,64.8694640178751,0.912601959894214
"130","1.3.4.5","T1.3","Pinguitellina","E17",2,"8/28/2023 16:32","8/30/2023 16:32",79.64,74.7,2.649,"2dome",10.48,8.32,2.57,0.38,10.6,8.478,63.968,64.659,NA,NA,"Aragonite","",0,4.94,0.0620291310899045,NA,NA,NA,6.07396908901174,178.463197235414,NA,182.662249976202,NA,NA,178.463197235414,96.8868520015945,0.82198975768858
"131","1.3.5.1","T1.3","Alaona","E17",1,"8/28/2023 16:32","8/30/2023 16:32",313.3,288.14,2.91,"2dome",24.26,15.36,3.35,0.35,24.173,15.545,285.018,285.625,NA,NA,"Aragonite","",0,25.16,0.0803064155761252,NA,NA,NA,10.7673527132148,655.844537230182,NA,660.770059710167,NA,NA,655.844537230182,509.900015293959,0.614434184355498
"132","1.3.5.2","T1.3","Alaona","E17",4,"8/28/2023 16:32","8/30/2023 16:32",23.62,16.49,2.642,"2dome",11.89,7.46,1.37,0.11,11.849,7.489,69.949,69.026,NA,NA,"Aragonite","",0,7.13,0.30186282811177,NA,NA,NA,4.95313786692382,151.121602211957,NA,151.180917052053,NA,NA,151.121602211957,49.0664341927331,0.481388150343686
"133","1.3.5.3","T1.3","Alaona","E17",5,"8/28/2023 16:32","8/30/2023 16:32",22.82,19.27,2.683,"2dome",11.48,7.19,1.31,0.13,11.469,7.11,62.928,64.747,NA,NA,"Aragonite","",0,3.55,0.155565293602103,NA,NA,NA,4.76409805263799,140.437988074894,NA,138.872516747647,NA,NA,140.437988074894,43.6392457044606,0.522923795579433
"134","1.3.5.4","T1.3","Alaona","E17",7,"8/28/2023 16:32","8/30/2023 16:32",17.67,14.57,2.366,"2dome",10.01,5.88,1.47,0.11,10.04,5.975,51.879,49.403,NA,NA,"Aragonite","",0,3.1,0.175438596491228,NA,NA,NA,4.42292504459925,106.03252196984,NA,107.807835978383,NA,NA,106.03252196984,35.6405047169965,0.495784224727138
"135","1.3.5.5","T1.3","Alaona","E17",8,"8/28/2023 16:32","8/30/2023 16:32",20.29,15.59,2.411,"2dome",11.03,6.19,1.19,0.13,10.907,6.447,53.585,54.564,NA,NA,"Aragonite","",0,4.7,0.231641202562839,NA,NA,NA,4.33116146324964,116.144837482847,NA,119.351977896358,NA,NA,116.144837482847,32.7883947729702,0.618816509331726
"136","1.3.6.1","T1.3","Calcite",NA,10,"8/28/2023 16:32","8/30/2023 16:32",858.1,849.22,2.703,"cube",12.26,8.87,3.06,3.06,12.159,8.783,119.867,121.789,NA,NA,"Calcite","",0,8.88,0.0103484442372684,NA,NA,NA,6.92965859777498,346.808,NA,341.750034,NA,NA,346.808,332.763372,2.57870929376206
"137","1.3.6.2","T1.3","Calcite",NA,6,"8/28/2023 16:32","8/30/2023 16:32",334.69,330.65,2.707,"cube",12.06,4.39,2.44,2.44,11.675,4.28,62.607,67.946,NA,NA,"Calcite","",0,4.04000000000002,0.0120708715527802,NA,NA,NA,5.05514811413143,186.1628,NA,177.7984,NA,NA,186.1628,129.181896,2.59084291501651
"138","1.3.6.3","T1.3","Calcite",NA,1,"8/28/2023 16:32","8/30/2023 16:32",638.05,630.3,2.693,"cube",12.68,6.18,3.04,3.04,12.446,6.249,99.519,94.992,NA,NA,"Calcite","",0,7.75,0.0121463835122639,NA,NA,NA,6.1990780453588,271.3936,NA,269.215708,NA,NA,271.3936,238.221696,2.67838744628869
"139","1.3.6.4","T1.3","Calcite",NA,2,"8/28/2023 16:32","8/30/2023 16:32",579.56,571.56,2.705,"cube",9.2,7.58,3.33,3.33,9.283,7.619,79.829,81.765,NA,NA,"Calcite","",0,8,0.0138035751259576,NA,NA,NA,6.14658307117647,251.2268,NA,254.021674,NA,NA,251.2268,232.22088,2.49572734372551
"140","1.3.6.5","T1.3","Calcite",NA,6,"8/28/2023 16:32","8/30/2023 16:32",515.06,510.28,2.646,"cube",11.91,7.18,2.38,2.38,11.962,7.432,98.086,99.272,NA,NA,"Calcite","",0,4.77999999999997,0.00928047217799863,NA,NA,NA,5.88217201908646,261.896,NA,270.118608,NA,NA,261.896,203.522844,2.53072328332833
"141","1.3.7.1","T1.3","Aragonite",NA,9,"8/28/2023 16:32","8/30/2023 16:32",335.22,327.86,2.831,"cube",6.05,5.86,3.66,3.66,5.995,5.924,37.542,37.942,NA,NA,"Aragonite","",0,7.36000000000001,0.0219557305650021,NA,NA,NA,5.0626514144623,158.0872,NA,158.27584,NA,NA,158.0872,129.75798,2.58342492692935
"142","1.3.7.2","T1.3","Aragonite",NA,2,"8/28/2023 16:32","8/30/2023 16:32",741.48,729.33,2.83,"cube",8.33,5.94,5.6,5.6,8.266,5.911,54.147,59.643,NA,NA,"Aragonite","",0,12.15,0.0163861466256676,NA,NA,NA,6.51938293180266,258.7844,NA,256.503052,NA,NA,258.7844,277.08912,2.67596215975568
"143","1.3.7.3","T1.3","Aragonite",NA,10,"8/28/2023 16:32","8/30/2023 16:32",730.71,700.55,2.84,"cube",8.04,6.28,5.4,5.4,7.787,6.008,56.758,52.783,NA,NA,"Aragonite","",0,30.1600000000001,0.0412749243886084,NA,NA,NA,6.4844003034383,255.6384,NA,242.554592,NA,NA,255.6384,272.65248,2.68000496456148
"144","1.3.7.4","T1.3","Aragonite",NA,9,"8/28/2023 16:32","8/30/2023 16:32",466.04,457.84,2.831,"cube",6.85,6.16,4.42,4.42,6.678,6.069,43.677,42.484,NA,NA,"Aragonite","",0,8.20000000000005,0.0175950562183505,NA,NA,NA,5.71344236839762,199.4004,NA,193.741044,NA,NA,199.4004,186.50632,2.4987893171663
"145","1.3.7.5","T1.3","Aragonite",NA,10,"8/28/2023 16:32","8/30/2023 16:32",381.18,376.07,2.843,"cube",6.44,4.71,4.83,4.83,6.543,5.174,37.374,33.35,NA,NA,"Aragonite","",0,5.11000000000001,0.013405740070308,NA,NA,NA,5.27170745465935,168.3738,NA,180.893184,NA,NA,168.3738,146.505492,2.6018137258636
"146","1.3.8.1","T1.3","Liloa","E18",8,"8/28/2023 16:32","8/30/2023 16:32",36.54,29.28,2.796,"cylinder2",10.25,3.84,3.84,0.13,10.286,4,35.405,34.016,NA,NA,"Aragonite","",0,7.26,0.198686371100164,NA,NA,NA,5.32674742624583,146.815421161681,NA,73.3876043878576,NA,NA,146.815421161681,118.706963371482,0.307816820194881
"147","1.3.8.2","T1.3","Liloa","E18",3,"8/28/2023 16:32","8/30/2023 16:32",99.26,85.55,2.677,"cylinder2",12.13,5.48,5.48,0.21,12.194,5.857,57.326,53.276,NA,NA,"Aragonite","",0,13.71,0.138122103566391,NA,NA,NA,7.14179378334327,256.000845518664,NA,154.718991264896,NA,NA,256.000845518664,286.096008803881,0.346946468826984
"148","1.3.8.3","T1.3","Liloa","E18",6,"8/28/2023 16:32","8/30/2023 16:32",13.85,10.49,2.388,"cylinder2",8.08,3.15,3.15,0.15,8.104,3.251,16.995,18.16,NA,NA,"Aragonite","",0,3.36,0.242599277978339,NA,NA,NA,4.31198746271724,95.5460427717898,NA,48.7736987566759,NA,NA,95.5460427717898,62.9683552725943,0.219951751003221
"149","1.3.8.4","T1.3","Liloa","E19",3,"8/28/2023 16:32","8/30/2023 16:32",27.17,21.5,2.716,"cylinder2",9.02,4.16,4.16,0.14,9.005,4.171,37.838,31.944,NA,NA,"Aragonite","",0,5.67,0.208686050791314,NA,NA,NA,5.38432252129836,145.066182372162,NA,81.8384273649574,NA,NA,145.066182372162,122.597913837548,0.221618779223295
"150","1.3.8.5","T1.3","Liloa","E19",7,"8/28/2023 16:32","8/30/2023 16:32",72.12,64.73,2.589,"cylinder2",11.37,5.57,5.57,0.18,11.564,5.593,56.184,53.49,NA,NA,"Aragonite","",0,7.39,0.102468108707709,NA,NA,NA,7.06572859739656,247.693689144409,NA,147.007166698497,NA,NA,247.693689144409,277.051647082933,0.26031247516248
"151","1.3.9.1","T1.3","Ethalia","E19",5,"8/28/2023 16:32","8/30/2023 16:32",58.55,53.45,1.505,"sphere",7.03,6.02,5.38,0.25,7.048,6.002,34.511,34.552,NA,NA,"Aragonite","",0,5.09999999999999,0.0871050384286933,NA,NA,NA,6.10629850191274,118.565417169146,NA,118.565417169146,NA,NA,118.565417169146,119.215497163109,0.491127423810451
"152","1.3.9.2","T1.3","Ethalia","E19",10,"8/28/2023 16:32","8/30/2023 16:32",554.35,535.2,1.921,"sphere",13.68,11.68,9.24,0.42,13.745,11.772,136.263,129.057,NA,NA,"Aragonite","",0,19.15,0.0345449625687742,NA,NA,NA,11.3867635846594,417.887673463506,NA,421.688668612726,NA,NA,417.887673463506,773.035669579936,0.717107918579269
"153","1.3.9.3","T1.3","Ethalia","E19",7,"8/28/2023 16:32","8/30/2023 16:32",233.64,226.17,1.595,"sphere",10.27,8.95,6.6,0.35,10.356,8.737,75.896,74.957,NA,NA,"Aragonite","",0,7.47,0.0319722650231125,NA,NA,NA,8.46536727188021,232.712568243453,NA,230.4289267412,NA,NA,232.712568243453,317.640621258055,0.735548240255418
"154","1.3.9.4","T1.3","Ethalia","E19",1,"8/28/2023 16:32","8/30/2023 16:32",41.21,37.01,1.188,"sphere",6.76,5.44,4.28,0.21,6.826,5.248,29.12,30.133,NA,NA,"Aragonite","",0,4.2,0.101917010434361,NA,NA,NA,5.3992046382302,94.8029339361681,NA,93.3588191915366,NA,NA,94.8029339361681,82.4115318811897,0.500051377025866
"155","1.3.9.5","T1.3","Ethalia","E20",9,"8/28/2023 16:32","8/30/2023 16:32",574.1,557.22,1.435,"sphere",13.63,11.56,9.3,0.47,13.65,11.931,136.953,133.873,NA,NA,"Aragonite","",0,16.88,0.0294025431109563,NA,NA,NA,11.3582706444734,415.23480790706,NA,424.702891326296,NA,NA,415.23480790706,767.247109186509,0.748259580422144
"156","1.3.10.1","T1.3","Notocochlis","E20",11,"8/28/2023 16:32","8/30/2023 16:32",753.38,734.69,2.192,"sphere",12.28,11.53,8.39,0.38,12.199,11.169,107.791,119.038,NA,NA,"Aragonite","",0,18.6899999999999,0.0248081977222649,NA,NA,NA,10.590827106494,361.92543632756,NA,352.057541609924,NA,NA,361.92543632756,621.996953054157,1.21122779830467
"157","1.3.10.2","T1.3","Notocochlis","E20",9,"8/28/2023 16:32","8/30/2023 16:32",125.71,120.97,2.66,"sphere",6.96,5.82,4.81,0.36,6.708,5.485,30.995,32.81,NA,NA,"Aragonite","",0,4.73999999999999,0.0377058308805982,NA,NA,NA,5.79729989262382,108.003801546797,NA,100.915638623606,NA,NA,108.003801546797,102.017792753223,1.23223603067053
"158","1.3.10.3","T1.3","Notocochlis","E20",2,"8/28/2023 16:32","8/30/2023 16:32",54.53,51.34,2.538,"sphere",5.96,4.7,5.23,0.29,5.88,4.834,21.953,24.331,NA,NA,"Aragonite","",0,3.19,0.0584999083073537,NA,NA,NA,5.2716746859349,88.1363696054955,NA,88.7364263687018,NA,NA,88.1363696054955,76.7086657577714,0.710871444071174
"159","1.3.10.4","T1.3","Notocochlis","E20",6,"8/28/2023 16:32","8/30/2023 16:32",180.98,174.59,1.746,"sphere",9.75,7.32,9.92,0.28,9.386,7.68,61.09,64.455,NA,NA,"Aragonite","",0,6.38999999999999,0.0353077688142335,NA,NA,NA,8.91269660317976,254.280544288143,NA,254.205179574778,NA,NA,254.280544288143,370.70290657535,0.488207663845802
"160","1.3.10.5","T1.3","Notocochlis","E20",11,"8/28/2023 16:32","8/30/2023 16:32",75.51,72.31,2.291,"sphere",6.98,5.07,6.75,0.24,6.446,5.221,27.722,32.084,NA,NA,"Aragonite","",0,3.2,0.0423784929148458,NA,NA,NA,6.20472281496711,123.373834164975,NA,118.39821078708,NA,NA,123.373834164975,125.073636503431,0.603724350798168
"161","1.3.11.1","T1.3","Fustiaria","E19",4,"8/28/2023 16:32","8/30/2023 16:32",118.89,108.51,2.566,"2cone",2.95,2.95,30.01,0.16,2.973,0.818,54.356,61.851,29.908,NA,"Aragonite","",0,10.38,0.0873075952561191,NA,NA,NA,6.39199866783023,292.129217842017,NA,294.519538301273,NA,NA,292.129217842017,68.3720582613862,1.73886823101747
"162","1.3.11.2","T1.3","Fustiaria","E21",1,"8/28/2023 16:32","8/30/2023 16:32",72.27,60.05,3.025,"2cone",2.81,2.81,19.17,0.18,2.91,1.828,47.639,47.909,19.043,NA,"Aragonite","",0,12.22,0.169088141690881,NA,NA,NA,5.32939918157223,182.087450617324,NA,189.058536127748,NA,NA,182.087450617324,39.6281117788366,1.82370536358979
"163","1.3.11.3","T1.3","Fustiaria","E21",9,"8/28/2023 16:32","8/30/2023 16:32",107.13,97.65,2.706,"2cone",2.75,2.75,29.46,0.36,2.669,0.818,35.376,53.974,29.475,NA,"Aragonite","",0,9.47999999999999,0.0884906188742648,NA,NA,NA,6.06223419672838,266.672345665949,NA,258.462444178922,NA,NA,266.672345665949,58.3266128570073,1.83672589153494
"164","1.3.11.4","T1.3","Fustiaria","E21",5,"8/28/2023 16:32","8/30/2023 16:32",72.28,65.32,2.791,"2cone",2.69,2.69,21.94,0.28,2.553,1.031,43.48,43.311,22.31,NA,"Aragonite","",0,6.96000000000001,0.0962921970116216,NA,NA,NA,5.41477474197724,197.126914334133,NA,186.505197614491,NA,NA,197.126914334133,41.5632797081721,1.73903504505657
"165","1.3.11.5","T1.3","Fustiaria","E21",1,"8/28/2023 16:32","8/30/2023 16:32",120.3,112.64,3.039,"2cone",3.65,3.65,14.61,0.37,3.732,2.91,47.638,47.27,14.217,NA,"Aragonite","",0,7.66,0.0636741479634247,NA,NA,NA,5.79533637199183,189.759053616613,NA,194.563077367225,NA,NA,189.759053616613,50.9570844451704,2.3608101073648
